lead_id,origen,score,motivos,horas,contactos,precio_lista,pidio_cita,manifesto_cuota,pago_credito
LD-00001,,16,contacto_rapido,0.0,3.0,15490000.0,0,0,0
LD-00002,ia,10,credito,14.433333333333334,3.0,5590000.0,0,0,1
LD-00003,,7,canal_whatsapp,86.78333333333333,3.0,6590000.0,0,0,0
LD-00004,,14,seguimiento,24.0,3.0,7990000.0,0,0,0
LD-00005,,13,seguimiento,30.0,3.0,7290000.0,0,0,0
LD-00006,,13,canal_whatsapp,30.0,3.0,11490000.0,0,0,0
LD-00007,,18,contacto_rapido+canal_whatsapp,2.0,3.0,9890000.0,0,0,0
LD-00008,,16,contacto_rapido,6.0,3.0,10000000.0,0,0,0
LD-00009,ia,15,contacto_rapido+canal_whatsapp,6.0,1.0,14990000.0,0,0,0
LD-00010,ia,8,cuota_inicial+credito+contacto_rapido+canal_whatsapp,1.0,3.0,6990000.0,0,1,1
LD-00011,,14,seguimiento,24.0,3.0,6590000.0,0,0,0
LD-00012,,14,canal_whatsapp,24.0,3.0,7190000.0,0,0,0
LD-00013,ia,7,credito,13.766666666666667,3.0,6990000.0,0,0,1
LD-00014,,17,contacto_rapido+canal_whatsapp,1.0,3.0,11490000.0,0,0,0
LD-00015,,14,seguimiento,24.0,3.0,7290000.0,0,0,0
LD-00016,,14,canal_whatsapp,30.0,3.0,4990000.0,0,0,0
LD-00017,,15,canal_whatsapp,24.0,3.0,6290000.0,0,0,0
LD-00018,ia,18,cuota_inicial,24.0,4.0,10490000.0,0,1,0
LD-00019,,14,seguimiento,24.0,3.0,5290000.0,0,0,0
LD-00020,ia,16,contacto_rapido+canal_whatsapp,2.0,1.0,11490000.0,0,0,0
LD-00021,,14,canal_whatsapp,24.0,3.0,7490000.0,0,0,0
LD-00022,ia,5,cuota_inicial+credito+canal_whatsapp,48.0,3.0,5790000.0,0,1,1
LD-00023,,0,seguimiento,812.2333333333333,3.0,11990000.0,0,0,0
LD-00024,ia,19,cuota_inicial+contacto_rapido,0.4666666666666667,4.0,6290000.0,0,1,0
LD-00025,ia,6,cuota_inicial,96.0,4.0,11990000.0,0,1,0
LD-00026,ia,17,cuota_inicial+canal_whatsapp,12.0,4.0,7190000.0,0,1,0
LD-00027,ia,11,cuota_inicial,48.0,4.0,5590000.0,0,1,0
LD-00028,,14,canal_whatsapp,24.0,3.0,7490000.0,0,0,0
LD-00029,,16,contacto_rapido+canal_whatsapp,7.35,3.0,13990000.0,0,0,0
LD-00030,ia,14,cuota_inicial+canal_whatsapp,30.0,3.0,5590000.0,0,1,0
LD-00031,,15,canal_whatsapp,24.0,3.0,5790000.0,0,0,0
LD-00032,ia,8,credito+contacto_rapido+canal_whatsapp,0.0,3.0,14990000.0,0,0,1
LD-00033,,13,canal_whatsapp,30.0,3.0,11490000.0,0,0,0
LD-00034,ia,18,contacto_rapido+canal_whatsapp,6.133333333333334,3.0,6290000.0,0,0,0
LD-00035,ia,6,cuota_inicial+credito+canal_whatsapp,12.033333333333333,3.0,21900000.0,0,1,1
LD-00036,,8,seguimiento,72.0,3.0,11490000.0,0,0,0
LD-00037,ia,6,cuota_inicial+credito+contacto_rapido+canal_whatsapp,6.0,3.0,21900000.0,0,1,1
LD-00038,,19,seguimiento,24.0,3.0,6890000.0,0,0,0
LD-00039,,15,canal_whatsapp,24.0,3.0,5290000.0,0,0,0
LD-00040,ia,14,cuota_inicial,17.366666666666667,3.0,11990000.0,0,1,0
LD-00041,,17,seguimiento,24.0,3.0,11290000.0,0,0,0
LD-00042,,13,canal_whatsapp,24.0,3.0,13990000.0,0,0,0
LD-00043,,14,seguimiento,24.0,3.0,6890000.0,0,0,0
LD-00044,ia,21,seguimiento,12.0,4.0,8990000.0,0,0,0
LD-00045,ia,19,contacto_rapido+canal_whatsapp,0.0,3.0,5590000.0,0,0,0
LD-00046,ia,18,cuota_inicial+contacto_rapido+canal_whatsapp,0.0,3.0,9890000.0,0,1,0
LD-00047,,11,canal_whatsapp,48.0,3.0,5790000.0,0,0,0
LD-00048,,24,contacto_rapido,0.0,3.0,5790000.0,0,0,0
LD-00049,ia,11,canal_whatsapp,24.0,3.0,24900000.0,0,0,0
LD-00050,,13,canal_whatsapp,24.883333333333333,3.0,11490000.0,0,0,0
LD-00051,,22,contacto_rapido,0.0,3.0,11290000.0,0,0,0
LD-00052,ia,23,contacto_rapido,0.0,1.0,5790000.0,0,0,0
LD-00053,ia,8,cuota_inicial+credito,24.0,3.0,6990000.0,0,1,1
LD-00054,,19,contacto_rapido,0.0,3.0,5790000.0,0,0,0
LD-00055,ia,11,canal_whatsapp,43.11666666666667,1.0,6590000.0,0,0,0
LD-00056,,20,seguimiento,18.0,3.0,6590000.0,0,0,0
LD-00057,,15,canal_whatsapp,24.0,3.0,5790000.0,0,0,0
LD-00058,ia,19,cuota_inicial+contacto_rapido,0.0,3.0,21900000.0,0,1,0
LD-00059,ia,0,cuota_inicial+credito,738.0,3.0,15490000.0,0,1,1
LD-00060,,18,contacto_rapido+canal_whatsapp,6.0,3.0,5590000.0,0,0,0
LD-00061,,19,contacto_rapido+canal_whatsapp,0.0,3.0,5290000.0,0,0,0
LD-00062,,14,seguimiento,24.0,3.0,7290000.0,0,0,0
LD-00063,ia,5,cuota_inicial+credito,24.0,3.0,24900000.0,0,1,1
LD-00064,,18,contacto_rapido+canal_whatsapp,2.0,3.0,6990000.0,0,0,0
LD-00065,,13,seguimiento,24.0,3.0,10000000.0,0,0,0
LD-00066,,14,canal_whatsapp,24.0,3.0,10000000.0,0,0,0
LD-00067,,15,canal_whatsapp,24.0,3.0,6290000.0,0,0,0
LD-00068,ia,7,cuota_inicial+credito+canal_whatsapp,24.0,3.0,5790000.0,0,1,1
LD-00069,,9,canal_whatsapp,72.0,3.0,5590000.0,0,0,0
LD-00070,,15,seguimiento,24.0,3.0,4990000.0,0,0,0
LD-00071,ia,22,contacto_rapido,6.0,3.0,7190000.0,0,0,0
LD-00072,ia,16,contacto_rapido,4.0,3.0,13990000.0,0,0,0
LD-00073,,0,canal_whatsapp,2864.266666666667,3.0,24900000.0,0,0,0
LD-00074,,6,seguimiento,89.93333333333334,3.0,13990000.0,0,0,0
LD-00075,ia,6,cuota_inicial+credito,34.61666666666667,3.0,5590000.0,0,1,1
LD-00076,,16,contacto_rapido,1.0,3.0,15490000.0,0,0,0
LD-00077,,18,contacto_rapido+canal_whatsapp,0.0,3.0,10000000.0,0,0,0
LD-00078,,11,seguimiento,23.716666666666665,3.0,24900000.0,0,0,0
LD-00079,ia,20,seguimiento,17.816666666666666,4.0,7190000.0,0,0,0
LD-00080,,6,seguimiento,96.0,3.0,9890000.0,0,0,0
LD-00081,ia,15,canal_whatsapp,18.383333333333333,3.0,7190000.0,0,0,0
LD-00082,ia,0,canal_whatsapp,732.0,3.0,21900000.0,0,0,0
LD-00083,ia,7,cuota_inicial+credito+canal_whatsapp,24.0,3.0,5790000.0,0,1,1
LD-00084,ia,12,seguimiento,24.0,3.0,15490000.0,0,0,0
LD-00085,,15,canal_whatsapp,24.0,3.0,5590000.0,0,0,0
LD-00086,,8,canal_whatsapp,69.6,3.0,11290000.0,0,0,0
LD-00087,ia,17,cuota_inicial+contacto_rapido,6.35,3.0,5790000.0,0,1,0
LD-00088,,15,canal_whatsapp,24.0,3.0,6890000.0,0,0,0
LD-00089,ia,3,cuota_inicial+credito,96.0,3.0,10490000.0,0,1,1
LD-00090,,0,canal_whatsapp,1512.0,3.0,11290000.0,0,0,0
LD-00091,ia,17,cuota_inicial,12.0,4.0,5290000.0,0,1,0
LD-00092,ia,7,credito+canal_whatsapp,24.0,3.0,4990000.0,0,0,1
LD-00093,ia,18,contacto_rapido+canal_whatsapp,0.0,1.0,6990000.0,0,0,0
LD-00094,,14,canal_whatsapp,29.0,3.0,4990000.0,0,0,0
LD-00095,ia,7,cuota_inicial,86.66666666666667,4.0,6890000.0,0,1,0
LD-00096,ia,19,seguimiento,24.0,3.0,4990000.0,0,0,0
LD-00097,ia,18,contacto_rapido+canal_whatsapp,4.0,3.0,7190000.0,0,0,0
LD-00098,,0,canal_whatsapp,2125.5833333333335,3.0,6890000.0,0,0,0
LD-00099,,18,contacto_rapido,4.0,3.0,5790000.0,0,0,0
LD-00100,ia,14,contacto_rapido,4.0,4.0,22900000.0,0,0,0
LD-00101,,15,canal_whatsapp,24.0,3.0,5290000.0,0,0,0
LD-00102,,11,canal_whatsapp,43.0,3.0,11990000.0,0,0,0
LD-00103,,16,contacto_rapido+canal_whatsapp,2.0,3.0,15490000.0,0,0,0
LD-00104,ia,14,canal_whatsapp,24.0,3.0,8990000.0,0,0,0
LD-00105,,18,contacto_rapido+canal_whatsapp,6.0,3.0,7190000.0,0,0,0
LD-00106,,21,seguimiento,12.0,3.0,6990000.0,0,0,0
LD-00107,,11,canal_whatsapp,48.0,3.0,7990000.0,0,0,0
LD-00108,,14,canal_whatsapp,24.0,3.0,10000000.0,0,0,0
LD-00109,,14,contacto_rapido+canal_whatsapp,6.0,3.0,21900000.0,0,0,0
LD-00110,ia,8,canal_whatsapp,75.86666666666666,4.0,7190000.0,0,0,0
LD-00111,ia,14,canal_whatsapp,30.0,3.0,5290000.0,0,0,0
LD-00112,,13,seguimiento,24.0,3.0,13990000.0,0,0,0
LD-00113,,15,canal_whatsapp,24.0,3.0,5790000.0,0,0,0
LD-00114,ia,15,canal_whatsapp,12.45,4.0,15490000.0,0,0,0
LD-00115,ia,6,credito,34.28333333333333,3.0,5290000.0,0,0,1
LD-00116,ia,7,cuota_inicial+canal_whatsapp,72.0,4.0,22900000.0,0,1,0
LD-00117,ia,2,cuota_inicial+credito+canal_whatsapp,96.0,3.0,13990000.0,0,1,1
LD-00118,,11,canal_whatsapp,30.0,3.0,21900000.0,0,0,0
LD-00119,,17,contacto_rapido+canal_whatsapp,2.0,3.0,11990000.0,0,0,0
LD-00120,,8,seguimiento,72.0,3.0,9890000.0,0,0,0
LD-00121,,15,contacto_rapido,6.0,3.0,15490000.0,0,0,0
LD-00122,ia,18,seguimiento,24.0,1.0,7190000.0,0,0,0
LD-00123,,6,seguimiento,96.0,3.0,9890000.0,0,0,0
LD-00124,ia,6,cuota_inicial,96.0,3.0,8990000.0,0,1,0
LD-00125,,17,contacto_rapido,4.0,3.0,10000000.0,0,0,0
LD-00126,ia,13,canal_whatsapp,30.0,1.0,6290000.0,0,0,0
LD-00127,,17,contacto_rapido,0.0,3.0,13990000.0,0,0,0
LD-00128,ia,13,seguimiento,30.0,3.0,6290000.0,0,0,0
LD-00129,,14,canal_whatsapp,24.0,3.0,7990000.0,0,0,0
LD-00130,,19,contacto_rapido+canal_whatsapp,0.0,3.0,6290000.0,0,0,0
LD-00131,,14,seguimiento,24.0,3.0,5790000.0,0,0,0
LD-00132,,11,seguimiento,24.0,3.0,22900000.0,0,0,0
LD-00133,ia,3,credito,101.71666666666667,3.0,11990000.0,0,0,1
LD-00134,,18,contacto_rapido,1.0,3.0,7990000.0,0,0,0
LD-00135,,19,contacto_rapido+canal_whatsapp,0.0,3.0,6290000.0,0,0,0
LD-00136,,13,seguimiento,24.0,3.0,11990000.0,0,0,0
LD-00137,,20,seguimiento,17.35,3.0,5790000.0,0,0,0
LD-00138,,14,seguimiento,23.05,3.0,7990000.0,0,0,0
LD-00139,ia,17,cuota_inicial+contacto_rapido,6.0,3.0,7290000.0,0,1,0
LD-00140,,14,canal_whatsapp,24.0,3.0,6990000.0,0,0,0
LD-00141,,13,seguimiento,24.0,3.0,10490000.0,0,0,0
LD-00142,,21,contacto_rapido,0.0,3.0,14990000.0,0,0,0
LD-00143,ia,12,cuota_inicial,40.43333333333333,3.0,6990000.0,0,1,0
LD-00144,ia,21,contacto_rapido,6.0,1.0,8990000.0,0,0,0
LD-00145,ia,18,cuota_inicial+contacto_rapido+canal_whatsapp,1.0,3.0,6890000.0,0,1,0
LD-00146,ia,13,seguimiento,24.0,1.0,7990000.0,0,0,0
LD-00147,,6,seguimiento,96.0,3.0,5290000.0,0,0,0
LD-00148,ia,13,canal_whatsapp,30.0,3.0,9890000.0,0,0,0
LD-00149,,8,canal_whatsapp,72.0,3.0,6890000.0,0,0,0
LD-00150,,14,canal_whatsapp,24.0,3.0,9890000.0,0,0,0
LD-00151,,11,seguimiento,24.0,3.0,24900000.0,0,0,0
LD-00152,,19,contacto_rapido+canal_whatsapp,0.0,3.0,6590000.0,0,0,0
LD-00153,ia,19,contacto_rapido+canal_whatsapp,1.0,3.0,6290000.0,0,0,0
LD-00154,ia,4,credito+canal_whatsapp,68.71666666666667,3.0,5790000.0,0,0,1
LD-00155,ia,18,seguimiento,25.966666666666665,3.0,6890000.0,0,0,0
LD-00156,,13,canal_whatsapp,24.0,3.0,14990000.0,0,0,0
LD-00157,,15,contacto_rapido+canal_whatsapp,1.8333333333333333,3.0,22900000.0,0,0,0
LD-00158,,15,canal_whatsapp,24.0,3.0,5290000.0,0,0,0
LD-00159,ia,13,cuota_inicial,24.0,3.0,10490000.0,0,1,0
LD-00160,ia,7,cuota_inicial+canal_whatsapp,72.0,4.0,21900000.0,0,1,0
LD-00161,,11,seguimiento,24.0,3.0,24900000.0,0,0,0
LD-00162,ia,11,cuota_inicial+credito+contacto_rapido,2.0,3.0,6290000.0,0,1,1
LD-00163,,24,contacto_rapido,0.0,3.0,6990000.0,0,0,0
LD-00164,ia,13,canal_whatsapp,12.0,3.0,24900000.0,0,0,0
LD-00165,,8,canal_whatsapp,68.06666666666666,3.0,10000000.0,0,0,0
LD-00166,ia,5,credito,24.0,3.0,15490000.0,0,0,1
LD-00167,ia,5,credito+canal_whatsapp,30.0,3.0,15490000.0,0,0,1
LD-00168,,16,contacto_rapido,2.0,3.0,15490000.0,0,0,0
LD-00169,,18,contacto_rapido+canal_whatsapp,4.0,3.0,5590000.0,0,0,0
LD-00170,ia,13,pidio_cita+cuota_inicial,48.0,3.0,4990000.0,1,1,0
LD-00171,,15,seguimiento,24.0,3.0,22900000.0,0,0,0
LD-00172,ia,8,credito,24.0,3.0,11490000.0,0,0,1
LD-00173,ia,14,seguimiento,24.0,3.0,7490000.0,0,0,0
LD-00174,,19,contacto_rapido+canal_whatsapp,2.0,3.0,6290000.0,0,0,0
LD-00175,ia,5,credito+canal_whatsapp,24.0,3.0,24900000.0,0,0,1
LD-00176,,17,contacto_rapido,4.0,3.0,7290000.0,0,0,0
LD-00177,,16,canal_whatsapp,18.0,3.0,6290000.0,0,0,0
LD-00178,,13,canal_whatsapp,12.0,3.0,21900000.0,0,0,0
LD-00179,ia,14,seguimiento,30.0,4.0,5790000.0,0,0,0
LD-00180,,16,contacto_rapido,1.0,3.0,13990000.0,0,0,0
LD-00181,ia,9,cuota_inicial+credito+contacto_rapido+canal_whatsapp,0.0,3.0,5290000.0,0,1,1
LD-00182,,21,seguimiento,9.866666666666667,3.0,8990000.0,0,0,0
LD-00183,ia,24,contacto_rapido,0.0,3.0,5590000.0,0,0,0
LD-00184,,19,seguimiento,24.0,3.0,6890000.0,0,0,0
LD-00185,ia,16,contacto_rapido+canal_whatsapp,1.0,1.0,11490000.0,0,0,0
LD-00186,,13,seguimiento,24.0,3.0,13990000.0,0,0,0
LD-00187,,24,contacto_rapido,0.0,3.0,7290000.0,0,0,0
LD-00188,,14,canal_whatsapp,24.0,3.0,7290000.0,0,0,0
LD-00189,ia,8,seguimiento,48.0,3.0,24900000.0,0,0,0
LD-00190,ia,15,cuota_inicial,24.0,4.0,5790000.0,0,1,0
LD-00191,fallback,18,seguimiento,24.0,3.0,8990000.0,0,0,0
LD-00192,,11,canal_whatsapp,48.0,3.0,7990000.0,0,0,0
LD-00193,ia,6,cuota_inicial+credito,24.0,3.0,7990000.0,0,1,1
LD-00194,ia,14,canal_whatsapp,24.0,3.0,7490000.0,0,0,0
LD-00195,ia,14,canal_whatsapp,24.0,3.0,7290000.0,0,0,0
LD-00196,ia,16,canal_whatsapp,10.566666666666666,3.0,9890000.0,0,0,0
LD-00197,ia,14,cuota_inicial,24.0,3.0,8990000.0,0,1,0
LD-00198,,18,contacto_rapido,1.0,3.0,6290000.0,0,0,0
LD-00199,,13,canal_whatsapp,24.0,3.0,13990000.0,0,0,0
LD-00200,ia,13,seguimiento,30.0,1.0,5290000.0,0,0,0
LD-00201,ia,12,canal_whatsapp,24.0,3.0,21900000.0,0,0,0
LD-00202,ia,15,seguimiento,47.166666666666664,3.0,5790000.0,0,0,0
LD-00203,ia,18,contacto_rapido+canal_whatsapp,1.0,3.0,7490000.0,0,0,0
LD-00204,,14,canal_whatsapp,24.0,3.0,7990000.0,0,0,0
LD-00205,,22,contacto_rapido,4.0,3.0,10490000.0,0,0,0
LD-00206,,19,contacto_rapido+canal_whatsapp,0.0,3.0,5590000.0,0,0,0
LD-00207,,12,canal_whatsapp,43.15,3.0,7990000.0,0,0,0
LD-00208,ia,16,pidio_cita+cuota_inicial+contacto_rapido,1.0,3.0,8990000.0,1,1,0
LD-00209,ia,7,cuota_inicial+credito+canal_whatsapp,12.0,4.0,13990000.0,0,1,1
LD-00210,,19,contacto_rapido+canal_whatsapp,0.0,3.0,6890000.0,0,0,0
LD-00211,ia,6,credito,24.0,3.0,8990000.0,0,0,1
LD-00212,ia,11,seguimiento,50.733333333333334,3.0,24900000.0,0,0,0
LD-00213,ia,6,credito+contacto_rapido,0.0,3.0,22900000.0,0,0,1
LD-00214,ia,16,canal_whatsapp,12.0,3.0,7990000.0,0,0,0
LD-00215,ia,6,cuota_inicial+credito+canal_whatsapp,24.0,3.0,10490000.0,0,1,1
LD-00216,,15,canal_whatsapp,24.0,3.0,5590000.0,0,0,0
LD-00217,ia,6,cuota_inicial+credito+canal_whatsapp,24.0,3.0,11490000.0,0,1,1
LD-00218,,24,contacto_rapido,0.0,3.0,6990000.0,0,0,0
LD-00219,ia,8,credito,30.0,3.0,8990000.0,0,0,1
LD-00220,fallback,15,canal_whatsapp,24.0,3.0,5790000.0,0,0,0
LD-00221,,18,contacto_rapido,2.0,3.0,7290000.0,0,0,0
LD-00222,ia,14,seguimiento,24.0,4.0,8990000.0,0,0,0
LD-00223,ia,18,cuota_inicial,24.0,3.0,7490000.0,0,1,0
LD-00224,ia,6,credito+canal_whatsapp,24.0,3.0,15490000.0,0,0,1
LD-00225,,16,contacto_rapido+canal_whatsapp,4.0,3.0,13990000.0,0,0,0
LD-00226,,14,seguimiento,24.0,3.0,7490000.0,0,0,0
LD-00227,,18,contacto_rapido+canal_whatsapp,2.0,3.0,7290000.0,0,0,0
LD-00228,,8,canal_whatsapp,76.75,3.0,6590000.0,0,0,0
LD-00229,ia,14,cuota_inicial+canal_whatsapp,30.0,4.0,7990000.0,0,1,0
LD-00230,,17,seguimiento,24.0,3.0,11990000.0,0,0,0
LD-00231,ia,16,cuota_inicial+canal_whatsapp,12.0,4.0,11990000.0,0,1,0
LD-00232,,10,canal_whatsapp,48.0,3.0,14990000.0,0,0,0
LD-00233,,16,canal_whatsapp,17.75,3.0,5590000.0,0,0,0
LD-00234,ia,15,canal_whatsapp,24.0,4.0,6890000.0,0,0,0
LD-00235,,8,seguimiento,48.0,3.0,24900000.0,0,0,0
LD-00236,,19,contacto_rapido,0.0,3.0,5790000.0,0,0,0
LD-00237,ia,8,credito+contacto_rapido+canal_whatsapp,1.0,3.0,7990000.0,0,0,1
LD-00238,,18,contacto_rapido+canal_whatsapp,6.0,3.0,5590000.0,0,0,0
LD-00239,,13,canal_whatsapp,24.0,3.0,15490000.0,0,0,0
LD-00240,ia,7,cuota_inicial+credito+contacto_rapido+canal_whatsapp,1.0,3.0,22900000.0,0,1,1
LD-00241,,17,seguimiento,24.0,3.0,13990000.0,0,0,0
LD-00242,,16,contacto_rapido+canal_whatsapp,4.0,3.0,14990000.0,0,0,0
LD-00243,,18,contacto_rapido+canal_whatsapp,0.0,3.0,10000000.0,0,0,0
LD-00244,ia,14,canal_whatsapp,24.0,1.0,7290000.0,0,0,0
LD-00245,,14,canal_whatsapp,24.0,3.0,7190000.0,0,0,0
LD-00246,ia,16,seguimiento,13.716666666666667,3.0,5590000.0,0,0,0
LD-00247,ia,12,pidio_cita+canal_whatsapp,12.0,4.0,24900000.0,1,0,0
LD-00248,,8,canal_whatsapp,72.0,3.0,11490000.0,0,0,0
LD-00249,,11,seguimiento,24.0,3.0,22900000.0,0,0,0
LD-00250,ia,23,contacto_rapido,0.0,1.0,5790000.0,0,0,0
LD-00251,ia,4,credito,50.733333333333334,3.0,7490000.0,0,0,1
LD-00252,,11,canal_whatsapp,24.0,3.0,22900000.0,0,0,0
LD-00253,,11,canal_whatsapp,24.0,3.0,24900000.0,0,0,0
LD-00254,ia,12,seguimiento,24.0,1.0,11490000.0,0,0,0
LD-00255,,14,canal_whatsapp,24.0,3.0,10000000.0,0,0,0
LD-00256,ia,13,seguimiento,30.0,4.0,11490000.0,0,0,0
LD-00257,,22,contacto_rapido,6.0,3.0,7990000.0,0,0,0
LD-00258,,13,canal_whatsapp,24.0,3.0,11990000.0,0,0,0
LD-00259,,18,contacto_rapido,1.0,3.0,24900000.0,0,0,0
LD-00260,,17,contacto_rapido,2.0,3.0,10000000.0,0,0,0
LD-00261,,15,seguimiento,24.0,3.0,4990000.0,0,0,0
LD-00262,,16,seguimiento,18.0,3.0,22900000.0,0,0,0
LD-00263,,11,canal_whatsapp,48.0,3.0,6890000.0,0,0,0
LD-00264,,15,canal_whatsapp,18.0,3.0,7190000.0,0,0,0
LD-00265,,6,seguimiento,94.01666666666667,3.0,10000000.0,0,0,0
LD-00266,,14,contacto_rapido+canal_whatsapp,4.0,3.0,21900000.0,0,0,0
LD-00267,,13,seguimiento,48.0,3.0,14990000.0,0,0,0
LD-00268,,12,seguimiento,30.0,3.0,13990000.0,0,0,0
LD-00269,ia,16,seguimiento,32.2,1.0,6290000.0,0,0,0
LD-00270,,14,canal_whatsapp,24.0,3.0,7490000.0,0,0,0
LD-00271,,17,seguimiento,24.0,3.0,11990000.0,0,0,0
LD-00272,ia,18,contacto_rapido,0.0,3.0,7490000.0,0,0,0
LD-00273,ia,8,credito+contacto_rapido+canal_whatsapp,4.0,3.0,7490000.0,0,0,1
LD-00274,,14,contacto_rapido,6.0,3.0,21900000.0,0,0,0
LD-00275,,14,canal_whatsapp,24.0,3.0,8990000.0,0,0,0
LD-00276,ia,6,cuota_inicial+credito,24.0,3.0,5790000.0,0,1,1
LD-00277,ia,17,cuota_inicial+canal_whatsapp,12.0,4.0,6590000.0,0,1,0
LD-00278,ia,13,seguimiento,12.0,1.0,14990000.0,0,0,0
LD-00279,ia,16,contacto_rapido+canal_whatsapp,4.0,3.0,13990000.0,0,0,0
LD-00280,ia,19,cuota_inicial,24.0,3.0,5790000.0,0,1,0
LD-00281,ia,13,canal_whatsapp,24.0,3.0,13990000.0,0,0,0
LD-00282,,15,canal_whatsapp,24.0,3.0,6890000.0,0,0,0
LD-00283,,10,canal_whatsapp,32.516666666666666,3.0,24900000.0,0,0,0
LD-00284,,6,canal_whatsapp,96.0,3.0,10000000.0,0,0,0
LD-00285,ia,11,seguimiento,24.0,3.0,22900000.0,0,0,0
LD-00286,ia,8,cuota_inicial+credito,24.0,3.0,11990000.0,0,1,1
LD-00287,ia,20,seguimiento,17.9,4.0,7490000.0,0,0,0
LD-00288,ia,14,canal_whatsapp,30.0,3.0,6890000.0,0,0,0
LD-00289,,15,canal_whatsapp,24.0,3.0,5590000.0,0,0,0
LD-00290,,6,canal_whatsapp,96.0,3.0,9890000.0,0,0,0
LD-00291,ia,9,credito,12.0,3.0,15490000.0,0,0,1
LD-00292,,24,contacto_rapido,0.0,3.0,6290000.0,0,0,0
LD-00293,ia,14,contacto_rapido+canal_whatsapp,0.0,3.0,24900000.0,0,0,0
LD-00294,,0,seguimiento,721.0,3.0,6290000.0,0,0,0
LD-00295,ia,8,cuota_inicial+credito+contacto_rapido+canal_whatsapp,0.0,3.0,11290000.0,0,1,1
LD-00296,,14,canal_whatsapp,29.866666666666667,3.0,4990000.0,0,0,0
LD-00297,,17,contacto_rapido+canal_whatsapp,1.0,3.0,11990000.0,0,0,0
LD-00298,,10,seguimiento,72.0,3.0,14990000.0,0,0,0
LD-00299,ia,22,cuota_inicial+contacto_rapido,4.0,3.0,7990000.0,0,1,0
LD-00300,ia,14,canal_whatsapp,24.0,3.0,7290000.0,0,0,0
LD-00301,,0,canal_whatsapp,2856.0,3.0,9890000.0,0,0,0
LD-00302,ia,14,cuota_inicial+canal_whatsapp,24.0,3.0,7290000.0,0,1,0
LD-00303,,14,canal_whatsapp,24.0,3.0,7190000.0,0,0,0
LD-00304,ia,16,canal_whatsapp,17.183333333333334,3.0,7290000.0,0,0,0
LD-00305,,18,contacto_rapido+canal_whatsapp,6.0,3.0,5790000.0,0,0,0
LD-00306,ia,17,contacto_rapido+canal_whatsapp,6.0,1.0,5290000.0,0,0,0
LD-00307,,14,canal_whatsapp,24.0,3.0,10000000.0,0,0,0
LD-00308,,18,contacto_rapido+canal_whatsapp,2.0,3.0,10000000.0,0,0,0
LD-00309,,24,contacto_rapido,0.0,3.0,4990000.0,0,0,0
LD-00310,,13,canal_whatsapp,24.0,3.0,15490000.0,0,0,0
LD-00311,,14,canal_whatsapp,24.0,3.0,11290000.0,0,0,0
LD-00312,,17,contacto_rapido,2.0,3.0,10490000.0,0,0,0
LD-00313,ia,18,contacto_rapido+canal_whatsapp,0.0,3.0,11490000.0,0,0,0
LD-00314,ia,7,cuota_inicial+credito+contacto_rapido+canal_whatsapp,0.0,3.0,22900000.0,0,1,1
LD-00315,ia,17,contacto_rapido,4.0,1.0,7190000.0,0,0,0
LD-00316,,17,contacto_rapido+canal_whatsapp,6.0,3.0,9890000.0,0,0,0
LD-00317,ia,13,canal_whatsapp,24.0,1.0,11290000.0,0,0,0
LD-00318,,16,seguimiento,24.0,3.0,15490000.0,0,0,0
LD-00319,,19,contacto_rapido,0.0,3.0,5290000.0,0,0,0
LD-00320,ia,7,credito,17.783333333333335,3.0,7990000.0,0,0,1
LD-00321,,12,canal_whatsapp,24.0,3.0,21900000.0,0,0,0
LD-00322,ia,6,cuota_inicial+credito+canal_whatsapp,24.0,3.0,7290000.0,0,1,1
LD-00323,,0,seguimiento,744.0,3.0,6990000.0,0,0,0
LD-00324,,14,seguimiento,24.0,3.0,8990000.0,0,0,0
LD-00325,,21,contacto_rapido,6.0,3.0,11990000.0,0,0,0
LD-00326,,19,contacto_rapido+canal_whatsapp,0.0,3.0,5290000.0,0,0,0
LD-00327,ia,8,canal_whatsapp,72.75,1.0,7290000.0,0,0,0
LD-00328,ia,5,cuota_inicial+canal_whatsapp,116.88333333333334,4.0,6590000.0,0,1,0
LD-00329,,19,contacto_rapido+canal_whatsapp,1.0,3.0,5790000.0,0,0,0
LD-00330,ia,12,pidio_cita+cuota_inicial,26.55,3.0,7990000.0,1,1,0
LD-00331,,13,canal_whatsapp,24.0,3.0,13990000.0,0,0,0
LD-00332,ia,18,contacto_rapido,1.0,3.0,5790000.0,0,0,0
LD-00333,ia,15,canal_whatsapp,21.85,4.0,7290000.0,0,0,0
LD-00334,ia,6,credito,24.0,3.0,7490000.0,0,0,1
LD-00335,,11,canal_whatsapp,30.0,3.0,21900000.0,0,0,0
LD-00336,fallback,0,seguimiento,1437.7333333333333,4.0,5790000.0,0,0,0
LD-00337,,14,seguimiento,24.0,3.0,7290000.0,0,0,0
LD-00338,,15,canal_whatsapp,22.216666666666665,3.0,5590000.0,0,0,0
LD-00339,,19,contacto_rapido+canal_whatsapp,0.0,3.0,7190000.0,0,0,0
LD-00340,,18,seguimiento,24.0,3.0,7990000.0,0,0,0
LD-00341,,6,seguimiento,72.0,3.0,24900000.0,0,0,0
LD-00342,,19,seguimiento,24.0,3.0,6290000.0,0,0,0
LD-00343,,14,canal_whatsapp,24.0,3.0,11490000.0,0,0,0
LD-00344,,19,seguimiento,24.0,3.0,7190000.0,0,0,0
LD-00345,ia,3,cuota_inicial+credito+canal_whatsapp,72.0,3.0,11490000.0,0,1,1
LD-00346,,19,contacto_rapido+canal_whatsapp,0.0,3.0,7190000.0,0,0,0
LD-00347,ia,7,canal_whatsapp,74.55,3.0,13990000.0,0,0,0
LD-00348,ia,9,cuota_inicial+credito+contacto_rapido+canal_whatsapp,0.0,3.0,6590000.0,0,1,1
LD-00349,,14,canal_whatsapp,24.0,3.0,6990000.0,0,0,0
LD-00350,ia,11,canal_whatsapp,24.0,1.0,22900000.0,0,0,0
LD-00351,ia,21,contacto_rapido,0.0,1.0,10490000.0,0,0,0
LD-00352,,14,canal_whatsapp,24.3,3.0,10490000.0,0,0,0
LD-00353,ia,0,cuota_inicial+credito+canal_whatsapp,792.0,3.0,6890000.0,0,1,1
LD-00354,ia,15,canal_whatsapp,24.0,3.0,4990000.0,0,0,0
LD-00355,,11,canal_whatsapp,48.0,3.0,5290000.0,0,0,0
LD-00356,ia,14,canal_whatsapp,24.0,3.0,7990000.0,0,0,0
LD-00357,ia,13,cuota_inicial+canal_whatsapp,12.0,3.0,22900000.0,0,1,0
LD-00358,ia,9,credito+contacto_rapido+canal_whatsapp,0.0,3.0,6590000.0,0,0,1
LD-00359,,13,canal_whatsapp,24.0,3.0,14990000.0,0,0,0
LD-00360,,19,seguimiento,24.0,3.0,6990000.0,0,0,0
LD-00361,,18,contacto_rapido+canal_whatsapp,4.0,3.0,6890000.0,0,0,0
LD-00362,,16,canal_whatsapp,8.25,3.0,10490000.0,0,0,0
LD-00363,,14,canal_whatsapp,24.0,3.0,7190000.0,0,0,0
LD-00364,,9,canal_whatsapp,67.2,3.0,7290000.0,0,0,0
LD-00365,,15,canal_whatsapp,24.0,3.0,6890000.0,0,0,0
LD-00366,,14,canal_whatsapp,24.0,3.0,7990000.0,0,0,0
LD-00367,,14,canal_whatsapp,24.0,3.0,11490000.0,0,0,0
LD-00368,,15,canal_whatsapp,24.0,3.0,6590000.0,0,0,0
LD-00369,,13,canal_whatsapp,12.0,3.0,22900000.0,0,0,0
LD-00370,ia,12,seguimiento,30.0,1.0,9890000.0,0,0,0
LD-00371,ia,17,cuota_inicial+contacto_rapido+canal_whatsapp,1.3333333333333333,3.0,11990000.0,0,1,0
LD-00372,,18,contacto_rapido,1.0,3.0,5790000.0,0,0,0
LD-00373,,6,seguimiento,96.0,3.0,9890000.0,0,0,0
LD-00374,,0,canal_whatsapp,714.0,3.0,5790000.0,0,0,0
LD-00375,,13,seguimiento,58.516666666666666,3.0,4990000.0,0,0,0
LD-00376,ia,18,cuota_inicial+contacto_rapido,0.0,3.0,5590000.0,0,1,0
LD-00377,,6,canal_whatsapp,96.0,3.0,11990000.0,0,0,0
LD-00378,,20,seguimiento,15.183333333333334,3.0,7290000.0,0,0,0
LD-00379,ia,12,canal_whatsapp,21.083333333333332,4.0,24900000.0,0,0,0
LD-00380,,22,contacto_rapido,1.0,3.0,11290000.0,0,0,0
LD-00381,,15,canal_whatsapp,24.0,3.0,5590000.0,0,0,0
LD-00382,,14,canal_whatsapp,30.0,3.0,5590000.0,0,0,0
LD-00383,ia,3,cuota_inicial+credito,96.0,3.0,6590000.0,0,1,1
LD-00384,ia,14,canal_whatsapp,18.0,1.0,7990000.0,0,0,0
LD-00385,ia,7,cuota_inicial+credito+canal_whatsapp,15.55,3.0,7290000.0,0,1,1
LD-00386,,14,seguimiento,24.0,3.0,5290000.0,0,0,0
LD-00387,,14,canal_whatsapp,24.0,3.0,11290000.0,0,0,0
LD-00388,,14,canal_whatsapp,30.0,3.0,6590000.0,0,0,0
LD-00389,,14,seguimiento,24.0,3.0,6590000.0,0,0,0
LD-00390,ia,15,cuota_inicial+contacto_rapido+canal_whatsapp,0.0,4.0,21900000.0,0,1,0
LD-00391,,14,canal_whatsapp,24.0,3.0,6990000.0,0,0,0
LD-00392,ia,8,credito+contacto_rapido,1.0,3.0,6990000.0,0,0,1
LD-00393,,0,canal_whatsapp,1444.0,3.0,6290000.0,0,0,0
LD-00394,,19,contacto_rapido+canal_whatsapp,0.0,3.0,6290000.0,0,0,0
LD-00395,,0,canal_whatsapp,726.0,3.0,24900000.0,0,0,0
LD-00396,,16,contacto_rapido+canal_whatsapp,6.0,3.0,11990000.0,0,0,0
LD-00397,ia,5,cuota_inicial+credito+canal_whatsapp,24.0,3.0,22900000.0,0,1,1
LD-00398,ia,15,cuota_inicial+canal_whatsapp,24.0,3.0,5590000.0,0,1,0
LD-00399,,16,canal_whatsapp,18.0,3.0,6890000.0,0,0,0
LD-00400,,14,canal_whatsapp,17.666666666666668,3.0,13990000.0,0,0,0
LD-00401,,15,canal_whatsapp,24.0,3.0,6890000.0,0,0,0
LD-00402,,11,canal_whatsapp,24.0,3.0,24900000.0,0,0,0
LD-00403,,12,canal_whatsapp,18.0,3.0,24900000.0,0,0,0
LD-00404,,16,canal_whatsapp,12.466666666666667,3.0,6890000.0,0,0,0
LD-00405,,13,canal_whatsapp,12.0,3.0,24900000.0,0,0,0
LD-00406,,17,contacto_rapido,6.0,3.0,7290000.0,0,0,0
LD-00407,,19,contacto_rapido+canal_whatsapp,1.0,3.0,5590000.0,0,0,0
LD-00408,,13,seguimiento,24.0,3.0,11990000.0,0,0,0
LD-00409,ia,7,credito,48.38333333333333,4.0,5290000.0,0,0,1
LD-00410,ia,14,canal_whatsapp,24.0,1.0,6890000.0,0,0,0
LD-00411,ia,15,contacto_rapido+canal_whatsapp,1.0,3.0,21900000.0,0,0,0
LD-00412,ia,0,canal_whatsapp,2868.0,4.0,6890000.0,0,0,0
LD-00413,,17,contacto_rapido+canal_whatsapp,7.983333333333333,3.0,7290000.0,0,0,0
LD-00414,ia,14,canal_whatsapp,11.1,1.0,15490000.0,0,0,0
LD-00415,,14,canal_whatsapp,24.0,3.0,6990000.0,0,0,0
LD-00416,,18,contacto_rapido,0.0,3.0,7190000.0,0,0,0
LD-00417,,14,canal_whatsapp,24.0,3.0,7490000.0,0,0,0
LD-00418,ia,11,seguimiento,24.0,1.0,21900000.0,0,0,0
LD-00419,,9,seguimiento,48.0,3.0,15490000.0,0,0,0
LD-00420,,17,contacto_rapido,0.0,3.0,11990000.0,0,0,0
LD-00421,,12,canal_whatsapp,18.0,3.0,22900000.0,0,0,0
LD-00422,,6,canal_whatsapp,96.0,3.0,10000000.0,0,0,0
LD-00423,ia,8,credito+contacto_rapido,6.0,3.0,7190000.0,0,0,1
LD-00424,ia,6,cuota_inicial+credito+contacto_rapido+canal_whatsapp,2.0,3.0,22900000.0,0,1,1
LD-00425,ia,7,credito+canal_whatsapp,18.0,3.0,9890000.0,0,0,1
LD-00426,ia,9,cuota_inicial+credito+contacto_rapido+canal_whatsapp,0.0,3.0,5590000.0,0,1,1
LD-00427,,14,canal_whatsapp,24.0,3.0,11490000.0,0,0,0
LD-00428,ia,14,canal_whatsapp,24.0,1.0,5590000.0,0,0,0
LD-00429,ia,8,cuota_inicial+credito+contacto_rapido,2.0,3.0,6590000.0,0,1,1
LD-00430,ia,11,cuota_inicial+credito+contacto_rapido,4.0,3.0,4990000.0,0,1,1
LD-00431,,17,canal_whatsapp,8.166666666666666,3.0,6990000.0,0,0,0
LD-00432,,14,seguimiento,24.0,3.0,6890000.0,0,0,0
LD-00433,ia,15,cuota_inicial+canal_whatsapp,19.2,3.0,7990000.0,0,1,0
LD-00434,ia,16,canal_whatsapp,18.0,3.0,5290000.0,0,0,0
LD-00435,,13,seguimiento,24.0,3.0,10490000.0,0,0,0
LD-00436,,14,seguimiento,24.0,3.0,7190000.0,0,0,0
LD-00437,ia,15,cuota_inicial,24.0,4.0,4990000.0,0,1,0
LD-00438,,17,canal_whatsapp,12.0,3.0,6890000.0,0,0,0
LD-00439,ia,7,cuota_inicial+credito+canal_whatsapp,19.333333333333332,3.0,6290000.0,0,1,1
LD-00440,ia,20,cuota_inicial,12.0,3.0,7990000.0,0,1,0
LD-00441,,19,contacto_rapido+canal_whatsapp,0.0,3.0,7490000.0,0,0,0
LD-00442,,13,canal_whatsapp,24.0,3.0,11990000.0,0,0,0
LD-00443,,0,seguimiento,738.0,3.0,21900000.0,0,0,0
LD-00444,,17,contacto_rapido,0.0,3.0,11490000.0,0,0,0
LD-00445,ia,16,canal_whatsapp,12.0,1.0,7490000.0,0,0,0
LD-00446,,17,contacto_rapido+canal_whatsapp,6.0,3.0,10000000.0,0,0,0
LD-00447,,18,contacto_rapido,0.0,3.0,7290000.0,0,0,0
LD-00448,ia,0,seguimiento,3639.116666666667,4.0,6590000.0,0,0,0
LD-00449,,14,seguimiento,30.0,3.0,4990000.0,0,0,0
LD-00450,,14,seguimiento,24.0,3.0,6290000.0,0,0,0
LD-00451,,18,contacto_rapido+canal_whatsapp,6.0,3.0,7190000.0,0,0,0
LD-00452,,13,canal_whatsapp,24.0,3.0,11990000.0,0,0,0
LD-00453,ia,19,cuota_inicial,24.0,3.0,5790000.0,0,1,0
LD-00454,ia,0,seguimiento,2184.0,4.0,7190000.0,0,0,0
LD-00455,,16,contacto_rapido,2.25,3.0,15490000.0,0,0,0
LD-00456,ia,12,pidio_cita+cuota_inicial+canal_whatsapp,35.3,4.0,7290000.0,1,1,0
LD-00457,,14,contacto_rapido,0.0,3.0,24900000.0,0,0,0
LD-00458,,14,canal_whatsapp,24.0,3.0,10000000.0,0,0,0
LD-00459,ia,17,canal_whatsapp,12.0,3.0,5790000.0,0,0,0
LD-00460,,11,seguimiento,24.0,3.0,22900000.0,0,0,0
LD-00461,,18,contacto_rapido+canal_whatsapp,0.0,3.0,10490000.0,0,0,0
LD-00462,ia,11,canal_whatsapp,48.0,1.0,5790000.0,0,0,0
LD-00463,,11,canal_whatsapp,48.0,3.0,6590000.0,0,0,0
LD-00464,,14,canal_whatsapp,24.0,3.0,10000000.0,0,0,0
LD-00465,ia,19,cuota_inicial+contacto_rapido+canal_whatsapp,4.0,4.0,5790000.0,0,1,0
LD-00466,ia,0,credito,1464.0,3.0,13990000.0,0,0,1
LD-00467,,18,contacto_rapido+canal_whatsapp,1.0,3.0,7990000.0,0,0,0
LD-00468,,13,canal_whatsapp,24.0,3.0,14990000.0,0,0,0
LD-00469,ia,15,canal_whatsapp,24.0,3.0,6590000.0,0,0,0
LD-00470,ia,17,cuota_inicial+contacto_rapido,6.0,3.0,6290000.0,0,1,0
LD-00471,,13,canal_whatsapp,30.0,3.0,7990000.0,0,0,0
LD-00472,,18,contacto_rapido+canal_whatsapp,7.383333333333334,3.0,5790000.0,0,0,0
LD-00473,ia,13,canal_whatsapp,30.0,3.0,11290000.0,0,0,0
LD-00474,,15,canal_whatsapp,24.0,3.0,6290000.0,0,0,0
LD-00475,,17,contacto_rapido,7.8,3.0,7190000.0,0,0,0
LD-00476,,17,contacto_rapido,0.0,3.0,10000000.0,0,0,0
LD-00477,,18,contacto_rapido+canal_whatsapp,1.0,3.0,7990000.0,0,0,0
LD-00478,,19,contacto_rapido+canal_whatsapp,1.0,3.0,6990000.0,0,0,0
LD-00479,,17,seguimiento,24.0,3.0,11990000.0,0,0,0
LD-00480,,14,canal_whatsapp,24.0,3.0,9890000.0,0,0,0
LD-00481,ia,5,cuota_inicial+credito+canal_whatsapp,30.0,3.0,15490000.0,0,1,1
LD-00482,ia,7,cuota_inicial+credito+canal_whatsapp,9.9,3.0,11490000.0,0,1,1
LD-00483,ia,6,credito+contacto_rapido+canal_whatsapp,6.0,3.0,21900000.0,0,0,1
LD-00484,ia,19,cuota_inicial+contacto_rapido+canal_whatsapp,0.0,3.0,6590000.0,0,1,0
LD-00485,ia,3,cuota_inicial+credito+canal_whatsapp,96.0,3.0,5290000.0,0,1,1
LD-00486,,17,contacto_rapido+canal_whatsapp,2.9166666666666665,3.0,10490000.0,0,0,0
LD-00487,,13,seguimiento,24.0,3.0,10000000.0,0,0,0
LD-00488,,15,canal_whatsapp,24.0,3.0,6890000.0,0,0,0
LD-00489,,15,canal_whatsapp,18.0,3.0,7490000.0,0,0,0
LD-00490,,18,contacto_rapido+canal_whatsapp,2.0,3.0,9890000.0,0,0,0
LD-00491,,10,seguimiento,30.0,3.0,24900000.0,0,0,0
LD-00492,,13,seguimiento,24.0,3.0,10000000.0,0,0,0
LD-00493,ia,14,canal_whatsapp,24.0,3.0,7290000.0,0,0,0
LD-00494,ia,0,credito,2834.0,3.0,5590000.0,0,0,1
LD-00495,,14,canal_whatsapp,24.0,3.0,10000000.0,0,0,0
LD-00496,,18,contacto_rapido+canal_whatsapp,0.0,3.0,10490000.0,0,0,0
LD-00497,ia,0,credito+canal_whatsapp,4204.0,3.0,7990000.0,0,0,1
LD-00498,ia,15,contacto_rapido,3.8333333333333335,1.0,15490000.0,0,0,0
LD-00499,,14,canal_whatsapp,24.0,3.0,10000000.0,0,0,0
LD-00500,,15,contacto_rapido,4.0,3.0,15490000.0,0,0,0
LD-00501,,6,seguimiento,72.0,3.0,21900000.0,0,0,0
LD-00502,ia,6,cuota_inicial+credito+canal_whatsapp,24.0,3.0,9890000.0,0,1,1
LD-00503,ia,17,cuota_inicial+contacto_rapido,0.0,3.0,10490000.0,0,1,0
LD-00504,ia,15,canal_whatsapp,24.0,4.0,6890000.0,0,0,0
LD-00505,,6,canal_whatsapp,96.0,3.0,14990000.0,0,0,0
LD-00506,ia,6,cuota_inicial+credito+canal_whatsapp,24.0,4.0,13990000.0,0,1,1
LD-00507,,14,canal_whatsapp,24.0,3.0,10490000.0,0,0,0
LD-00508,ia,14,seguimiento,24.0,3.0,6290000.0,0,0,0
LD-00509,,14,contacto_rapido+canal_whatsapp,6.0,3.0,24900000.0,0,0,0
LD-00510,,14,canal_whatsapp,30.0,3.0,7290000.0,0,0,0
LD-00511,,6,canal_whatsapp,96.0,3.0,6590000.0,0,0,0
LD-00512,,15,canal_whatsapp,20.483333333333334,3.0,6590000.0,0,0,0
LD-00513,,18,contacto_rapido,2.0,3.0,6890000.0,0,0,0
LD-00514,,13,seguimiento,24.0,3.0,11490000.0,0,0,0
LD-00515,ia,23,cuota_inicial+contacto_rapido,2.0,4.0,9890000.0,0,1,0
LD-00516,ia,9,canal_whatsapp,64.48333333333333,3.0,9890000.0,0,0,0
LD-00517,,14,canal_whatsapp,24.0,3.0,7290000.0,0,0,0
LD-00518,,19,contacto_rapido,0.0,3.0,21900000.0,0,0,0
LD-00519,ia,10,pidio_cita+cuota_inicial,72.98333333333333,3.0,6890000.0,1,1,0
LD-00520,,16,canal_whatsapp,12.0,3.0,7990000.0,0,0,0
LD-00521,ia,14,canal_whatsapp,30.0,4.0,5290000.0,0,0,0
LD-00522,ia,5,cuota_inicial+credito,30.0,3.0,11490000.0,0,1,1
LD-00523,,0,seguimiento,1418.0,3.0,24900000.0,0,0,0
LD-00524,,18,seguimiento,24.0,3.0,10490000.0,0,0,0
LD-00525,,13,canal_whatsapp,24.0,3.0,14990000.0,0,0,0
LD-00526,,19,contacto_rapido+canal_whatsapp,0.0,3.0,7290000.0,0,0,0
LD-00527,,16,contacto_rapido+canal_whatsapp,2.0,3.0,14990000.0,0,0,0
LD-00528,,15,canal_whatsapp,24.0,3.0,5790000.0,0,0,0
LD-00529,ia,15,cuota_inicial+contacto_rapido+canal_whatsapp,1.0,3.0,22900000.0,0,1,0
LD-00530,ia,5,credito,24.0,3.0,21900000.0,0,0,1
LD-00531,,17,contacto_rapido,4.0,3.0,7290000.0,0,0,0
LD-00532,ia,9,canal_whatsapp,65.9,3.0,4990000.0,0,0,0
LD-00533,ia,6,seguimiento,96.0,3.0,7290000.0,0,0,0
LD-00534,ia,14,cuota_inicial+canal_whatsapp,27.783333333333335,3.0,6990000.0,0,1,0
LD-00535,ia,18,contacto_rapido+canal_whatsapp,6.0,3.0,7290000.0,0,0,0
LD-00536,ia,8,cuota_inicial+credito,24.0,3.0,9890000.0,0,1,1
LD-00537,,14,seguimiento,24.0,3.0,6290000.0,0,0,0
LD-00538,,17,contacto_rapido,4.0,3.0,10000000.0,0,0,0
LD-00539,,14,canal_whatsapp,24.0,3.0,10490000.0,0,0,0
LD-00540,ia,7,cuota_inicial+credito+canal_whatsapp,24.0,3.0,5290000.0,0,1,1
LD-00541,,17,contacto_rapido,1.0,3.0,10000000.0,0,0,0
LD-00542,ia,6,cuota_inicial+credito+canal_whatsapp,30.0,3.0,11490000.0,0,1,1
LD-00543,ia,6,cuota_inicial+credito+canal_whatsapp,24.0,3.0,6290000.0,0,1,1
LD-00544,ia,14,contacto_rapido,6.0,3.0,21900000.0,0,0,0
LD-00545,,11,seguimiento,24.0,3.0,24900000.0,0,0,0
LD-00546,,13,contacto_rapido,3.816666666666667,3.0,24900000.0,0,0,0
LD-00547,ia,14,canal_whatsapp,30.0,3.0,4990000.0,0,0,0
LD-00548,,16,contacto_rapido+canal_whatsapp,6.0,3.0,13990000.0,0,0,0
LD-00549,ia,7,cuota_inicial+credito+canal_whatsapp,12.0,3.0,6590000.0,0,1,1
LD-00550,,0,seguimiento,2176.516666666667,3.0,7290000.0,0,0,0
LD-00551,,18,contacto_rapido+canal_whatsapp,6.0,3.0,6890000.0,0,0,0
LD-00552,ia,11,canal_whatsapp,48.0,3.0,6890000.0,0,0,0
LD-00553,ia,10,canal_whatsapp,48.0,4.0,13990000.0,0,0,0
LD-00554,,15,canal_whatsapp,24.0,3.0,5790000.0,0,0,0
LD-00555,,15,canal_whatsapp,24.0,3.0,5590000.0,0,0,0
LD-00556,ia,15,canal_whatsapp,24.0,3.0,6890000.0,0,0,0
LD-00557,,14,canal_whatsapp,24.0,3.0,7990000.0,0,0,0
LD-00558,ia,0,cuota_inicial+canal_whatsapp,816.0,3.0,11290000.0,0,1,0
LD-00559,,15,contacto_rapido+canal_whatsapp,1.0,3.0,21900000.0,0,0,0
LD-00560,,14,canal_whatsapp,24.0,3.0,11490000.0,0,0,0
LD-00561,ia,8,credito,24.0,3.0,11990000.0,0,0,1
LD-00562,,18,seguimiento,24.0,3.0,10000000.0,0,0,0
LD-00563,ia,16,canal_whatsapp,12.0,3.0,11290000.0,0,0,0
LD-00564,,19,seguimiento,12.0,3.0,13990000.0,0,0,0
LD-00565,,19,contacto_rapido+canal_whatsapp,0.0,3.0,6590000.0,0,0,0
LD-00566,,15,seguimiento,12.0,3.0,9890000.0,0,0,0
LD-00567,,15,canal_whatsapp,24.0,3.0,5590000.0,0,0,0
LD-00568,,18,contacto_rapido+canal_whatsapp,4.0,3.0,6590000.0,0,0,0
LD-00569,,18,contacto_rapido+canal_whatsapp,2.0,3.0,10000000.0,0,0,0
LD-00570,ia,23,contacto_rapido,4.0,4.0,7490000.0,0,0,0
LD-00571,ia,9,credito+contacto_rapido,0.0,3.0,5290000.0,0,0,1
LD-00572,,14,seguimiento,48.0,3.0,8990000.0,0,0,0
LD-00573,ia,17,canal_whatsapp,12.0,4.0,6890000.0,0,0,0
LD-00574,ia,7,credito,18.0,3.0,7290000.0,0,0,1
LD-00575,,8,canal_whatsapp,72.73333333333333,3.0,9890000.0,0,0,0
LD-00576,,0,canal_whatsapp,2159.366666666667,3.0,10000000.0,0,0,0
LD-00577,,18,contacto_rapido,4.0,3.0,5790000.0,0,0,0
LD-00578,ia,15,cuota_inicial+canal_whatsapp,24.0,4.0,7990000.0,0,1,0
LD-00579,,13,seguimiento,24.0,3.0,11990000.0,0,0,0
LD-00580,ia,15,seguimiento,24.0,3.0,21900000.0,0,0,0
LD-00581,,13,seguimiento,30.0,3.0,9890000.0,0,0,0
LD-00582,,18,contacto_rapido+canal_whatsapp,6.0,3.0,5290000.0,0,0,0
LD-00583,,5,canal_whatsapp,96.0,3.0,22900000.0,0,0,0
LD-00584,ia,9,canal_whatsapp,63.75,4.0,13990000.0,0,0,0
LD-00585,,24,contacto_rapido,2.0,3.0,4990000.0,0,0,0
LD-00586,,8,seguimiento,72.0,3.0,6290000.0,0,0,0
LD-00587,ia,14,cuota_inicial,24.0,4.0,7990000.0,0,1,0
LD-00588,,9,canal_whatsapp,46.96666666666667,3.0,21900000.0,0,0,0
LD-00589,ia,11,seguimiento,48.0,3.0,7990000.0,0,0,0
LD-00590,,18,contacto_rapido+canal_whatsapp,1.0,3.0,8990000.0,0,0,0
LD-00591,ia,18,contacto_rapido+canal_whatsapp,0.0,1.0,6590000.0,0,0,0
LD-00592,,8,seguimiento,72.0,3.0,10000000.0,0,0,0
LD-00593,ia,20,contacto_rapido+canal_whatsapp,0.0,4.0,5290000.0,0,0,0
LD-00594,,19,seguimiento,24.0,3.0,6890000.0,0,0,0
LD-00595,,11,seguimiento,24.0,3.0,22900000.0,0,0,0
LD-00596,ia,8,credito+contacto_rapido,6.0,3.0,7190000.0,0,0,1
LD-00597,ia,8,seguimiento,96.0,3.0,7490000.0,0,0,0
LD-00598,,18,contacto_rapido+canal_whatsapp,2.0,3.0,6890000.0,0,0,0
LD-00599,,15,canal_whatsapp,24.0,3.0,6890000.0,0,0,0
LD-00600,,14,canal_whatsapp,18.0,3.0,14990000.0,0,0,0
LD-00601,,18,contacto_rapido+canal_whatsapp,1.0,3.0,9890000.0,0,0,0
LD-00602,,14,canal_whatsapp,18.0,3.0,14990000.0,0,0,0
LD-00603,,14,canal_whatsapp,24.0,3.0,7290000.0,0,0,0
LD-00604,ia,6,cuota_inicial+credito+contacto_rapido,3.75,3.0,24900000.0,0,1,1
LD-00605,ia,18,contacto_rapido+canal_whatsapp,6.0,3.0,4990000.0,0,0,0
LD-00606,ia,7,seguimiento,72.0,1.0,11490000.0,0,0,0
LD-00607,ia,7,cuota_inicial+credito,18.0,3.0,7290000.0,0,1,1
LD-00608,ia,5,cuota_inicial+credito,30.0,3.0,10490000.0,0,1,1
LD-00609,,14,canal_whatsapp,24.0,3.0,10000000.0,0,0,0
LD-00610,,16,canal_whatsapp,12.0,3.0,7290000.0,0,0,0
LD-00611,,7,seguimiento,102.46666666666667,3.0,10000000.0,0,0,0
LD-00612,ia,14,cuota_inicial+canal_whatsapp,24.0,3.0,6890000.0,0,1,0
LD-00613,,14,canal_whatsapp,24.0,3.0,10000000.0,0,0,0
LD-00614,,0,seguimiento,2838.0,3.0,7490000.0,0,0,0
LD-00615,,17,contacto_rapido+canal_whatsapp,6.0,3.0,7490000.0,0,0,0
LD-00616,,22,contacto_rapido,4.0,3.0,10000000.0,0,0,0
LD-00617,,14,canal_whatsapp,24.0,3.0,11490000.0,0,0,0
LD-00618,,14,canal_whatsapp,24.0,3.0,6990000.0,0,0,0
LD-00619,ia,12,pidio_cita+cuota_inicial+canal_whatsapp,24.0,3.0,9890000.0,1,1,0
LD-00620,ia,6,credito,24.0,3.0,11290000.0,0,0,1
LD-00621,,16,seguimiento,12.0,3.0,5790000.0,0,0,0
LD-00622,,13,canal_whatsapp,24.0,3.0,13990000.0,0,0,0
LD-00623,ia,4,cuota_inicial+credito,72.0,3.0,5790000.0,0,1,1
LD-00624,,14,seguimiento,24.0,3.0,8990000.0,0,0,0
LD-00625,,19,seguimiento,24.0,3.0,5290000.0,0,0,0
LD-00626,ia,6,canal_whatsapp,83.11666666666666,4.0,24900000.0,0,0,0
LD-00627,ia,18,cuota_inicial+contacto_rapido+canal_whatsapp,4.0,4.0,6290000.0,0,1,0
LD-00628,,24,contacto_rapido,0.0,3.0,6590000.0,0,0,0
LD-00629,ia,20,seguimiento,14.683333333333334,3.0,7990000.0,0,0,0
LD-00630,,23,contacto_rapido,6.0,3.0,5290000.0,0,0,0
LD-00631,fallback,10,canal_whatsapp,48.0,1.0,8990000.0,0,0,0
LD-00632,ia,9,cuota_inicial+credito+contacto_rapido+canal_whatsapp,0.0,3.0,5790000.0,0,1,1
LD-00633,,15,canal_whatsapp,24.0,3.0,6290000.0,0,0,0
LD-00634,ia,16,contacto_rapido,6.0,3.0,10490000.0,0,0,0
LD-00635,,0,canal_whatsapp,2160.0,3.0,6590000.0,0,0,0
LD-00636,ia,14,cuota_inicial+canal_whatsapp,24.0,4.0,10490000.0,0,1,0
LD-00637,ia,0,seguimiento,720.0,3.0,6890000.0,0,0,0
LD-00638,ia,17,cuota_inicial+contacto_rapido+canal_whatsapp,6.0,3.0,7190000.0,0,1,0
LD-00639,,15,canal_whatsapp,24.0,3.0,5290000.0,0,0,0
LD-00640,ia,15,seguimiento,18.0,3.0,5290000.0,0,0,0
LD-00641,ia,7,credito,24.0,3.0,15490000.0,0,0,1
LD-00642,ia,11,canal_whatsapp,24.0,1.0,22900000.0,0,0,0
LD-00643,ia,8,cuota_inicial+credito+contacto_rapido+canal_whatsapp,6.0,3.0,5290000.0,0,1,1
LD-00644,ia,13,canal_whatsapp,24.0,1.0,11290000.0,0,0,0
LD-00645,,10,canal_whatsapp,30.0,3.0,24900000.0,0,0,0
LD-00646,ia,6,cuota_inicial+credito+canal_whatsapp,24.0,3.0,7290000.0,0,1,1
LD-00647,,15,canal_whatsapp,24.0,3.0,6290000.0,0,0,0
LD-00648,ia,7,canal_whatsapp,91.13333333333334,3.0,6990000.0,0,0,0
LD-00649,ia,6,cuota_inicial+credito,24.0,3.0,6890000.0,0,1,1
LD-00650,,17,seguimiento,10.266666666666667,3.0,5290000.0,0,0,0
LD-00651,,22,seguimiento,9.5,3.0,5790000.0,0,0,0
LD-00652,,13,seguimiento,24.0,3.0,10000000.0,0,0,0
LD-00653,,13,seguimiento,24.0,3.0,10000000.0,0,0,0
LD-00654,,11,canal_whatsapp,48.0,3.0,7990000.0,0,0,0
LD-00655,ia,8,cuota_inicial+credito+contacto_rapido+canal_whatsapp,0.0,3.0,7290000.0,0,1,1
LD-00656,,11,seguimiento,40.13333333333333,3.0,11290000.0,0,0,0
LD-00657,,15,contacto_rapido,0.0,3.0,21900000.0,0,0,0
LD-00658,ia,7,credito+canal_whatsapp,24.0,3.0,5290000.0,0,0,1
LD-00659,ia,14,seguimiento,48.0,1.0,6290000.0,0,0,0
LD-00660,,18,contacto_rapido+canal_whatsapp,0.0,3.0,8990000.0,0,0,0
LD-00661,,14,seguimiento,24.0,3.0,7290000.0,0,0,0
LD-00662,,6,canal_whatsapp,94.85,3.0,6290000.0,0,0,0
LD-00663,ia,0,canal_whatsapp,1464.0,3.0,14990000.0,0,0,0
LD-00664,ia,18,cuota_inicial+contacto_rapido,2.0,3.0,7490000.0,0,1,0
LD-00665,,17,contacto_rapido+canal_whatsapp,6.0,3.0,8990000.0,0,0,0
LD-00666,,18,contacto_rapido,2.0,3.0,6590000.0,0,0,0
LD-00667,,13,canal_whatsapp,24.0,3.0,11990000.0,0,0,0
LD-00668,ia,15,canal_whatsapp,24.0,3.0,6590000.0,0,0,0
LD-00669,ia,15,cuota_inicial,24.0,4.0,21900000.0,0,1,0
LD-00670,ia,11,canal_whatsapp,24.0,3.0,24900000.0,0,0,0
LD-00671,,15,seguimiento,18.0,3.0,6290000.0,0,0,0
LD-00672,,16,seguimiento,14.45,3.0,5290000.0,0,0,0
LD-00673,ia,6,credito+canal_whatsapp,24.0,3.0,11290000.0,0,0,1
LD-00674,ia,11,cuota_inicial,36.86666666666667,3.0,11990000.0,0,1,0
LD-00675,,13,canal_whatsapp,24.0,3.0,15490000.0,0,0,0
LD-00676,,14,canal_whatsapp,24.0,3.0,10490000.0,0,0,0
LD-00677,ia,4,credito,72.0,3.0,5590000.0,0,0,1
LD-00678,,15,canal_whatsapp,11.516666666666667,3.0,15490000.0,0,0,0
LD-00679,,15,canal_whatsapp,24.0,3.0,6290000.0,0,0,0
LD-00680,,16,seguimiento,15.05,3.0,5790000.0,0,0,0
LD-00681,ia,15,cuota_inicial,18.0,4.0,7290000.0,0,1,0
LD-00682,,17,contacto_rapido+canal_whatsapp,6.0,3.0,9890000.0,0,0,0
LD-00683,,16,canal_whatsapp,18.0,3.0,6290000.0,0,0,0
LD-00684,,0,seguimiento,2208.0,3.0,11490000.0,0,0,0
LD-00685,,22,contacto_rapido,0.0,3.0,13990000.0,0,0,0
LD-00686,,20,seguimiento,20.766666666666666,3.0,5590000.0,0,0,0
LD-00687,ia,15,canal_whatsapp,18.0,1.0,7290000.0,0,0,0
LD-00688,,13,seguimiento,30.0,3.0,6290000.0,0,0,0
LD-00689,,15,canal_whatsapp,24.0,3.0,5290000.0,0,0,0
LD-00690,ia,23,contacto_rapido,6.0,3.0,5790000.0,0,0,0
LD-00691,ia,14,cuota_inicial+canal_whatsapp,24.0,4.0,11990000.0,0,1,0
LD-00692,,15,canal_whatsapp,24.0,3.0,5290000.0,0,0,0
LD-00693,ia,6,credito+canal_whatsapp,30.0,3.0,7990000.0,0,0,1
LD-00694,ia,4,credito,72.0,3.0,11490000.0,0,0,1
LD-00695,,13,seguimiento,24.0,3.0,9890000.0,0,0,0
LD-00696,ia,12,seguimiento,24.0,3.0,14990000.0,0,0,0
LD-00697,,15,canal_whatsapp,24.0,3.0,5590000.0,0,0,0
LD-00698,,17,contacto_rapido,5.4,3.0,7190000.0,0,0,0
LD-00699,,14,seguimiento,24.0,3.0,5590000.0,0,0,0
LD-00700,,14,seguimiento,24.0,3.0,6890000.0,0,0,0
LD-00701,ia,15,contacto_rapido,4.0,3.0,15490000.0,0,0,0
LD-00702,,15,contacto_rapido,6.0,3.0,13990000.0,0,0,0
LD-00703,ia,12,seguimiento,24.0,1.0,11990000.0,0,0,0
LD-00704,,0,seguimiento,2140.0,3.0,6590000.0,0,0,0
LD-00705,ia,15,canal_whatsapp,24.0,3.0,6290000.0,0,0,0
LD-00706,,18,seguimiento,24.0,3.0,10000000.0,0,0,0
LD-00707,,17,contacto_rapido+canal_whatsapp,4.0,3.0,10000000.0,0,0,0
LD-00708,,11,canal_whatsapp,24.0,3.0,24900000.0,0,0,0
LD-00709,,12,seguimiento,12.0,3.0,24900000.0,0,0,0
LD-00710,,16,contacto_rapido,6.0,3.0,11990000.0,0,0,0
LD-00711,,0,seguimiento,1426.6166666666666,3.0,5590000.0,0,0,0
LD-00712,ia,15,cuota_inicial+canal_whatsapp,24.0,3.0,4990000.0,0,1,0
LD-00713,,15,canal_whatsapp,18.0,3.0,10490000.0,0,0,0
LD-00714,ia,11,seguimiento,48.0,3.0,7290000.0,0,0,0
LD-00715,ia,18,seguimiento,16.016666666666666,3.0,15490000.0,0,0,0
LD-00716,,13,seguimiento,22.083333333333332,3.0,13990000.0,0,0,0
LD-00717,,14,canal_whatsapp,24.0,3.0,11290000.0,0,0,0
LD-00718,ia,8,credito+contacto_rapido,2.0,3.0,6890000.0,0,0,1
LD-00719,,14,canal_whatsapp,30.0,3.0,7190000.0,0,0,0
LD-00720,,14,seguimiento,24.0,3.0,5790000.0,0,0,0
LD-00721,,10,seguimiento,50.68333333333333,3.0,6590000.0,0,0,0
LD-00722,,12,canal_whatsapp,24.0,3.0,21900000.0,0,0,0
LD-00723,,14,canal_whatsapp,24.0,3.0,11490000.0,0,0,0
LD-00724,,15,canal_whatsapp,24.0,3.0,6290000.0,0,0,0
LD-00725,,13,seguimiento,23.733333333333334,3.0,11290000.0,0,0,0
LD-00726,,12,canal_whatsapp,24.0,3.0,21900000.0,0,0,0
LD-00727,,12,canal_whatsapp,42.9,3.0,6590000.0,0,0,0
LD-00728,ia,15,canal_whatsapp,24.0,4.0,6290000.0,0,0,0
LD-00729,ia,19,seguimiento,24.0,3.0,5590000.0,0,0,0
LD-00730,,17,contacto_rapido,6.0,3.0,5790000.0,0,0,0
LD-00731,ia,6,cuota_inicial+credito+canal_whatsapp,24.0,3.0,9890000.0,0,1,1
LD-00732,,10,seguimiento,76.3,3.0,8990000.0,0,0,0
LD-00733,ia,8,cuota_inicial+credito,24.0,3.0,6890000.0,0,1,1
LD-00734,ia,8,credito,24.0,3.0,10490000.0,0,0,1
LD-00735,ia,14,cuota_inicial+canal_whatsapp,24.0,4.0,11490000.0,0,1,0
LD-00736,ia,10,cuota_inicial,72.0,3.0,9890000.0,0,1,0
LD-00737,,0,canal_whatsapp,4224.0,3.0,10000000.0,0,0,0
LD-00738,,15,canal_whatsapp,24.0,3.0,4990000.0,0,0,0
LD-00739,,15,canal_whatsapp,24.0,3.0,5590000.0,0,0,0
LD-00740,ia,14,cuota_inicial,18.0,4.0,11990000.0,0,1,0
LD-00741,,14,canal_whatsapp,24.0,3.0,8990000.0,0,0,0
LD-00742,ia,15,cuota_inicial+canal_whatsapp,18.0,3.0,7490000.0,0,1,0
LD-00743,ia,8,cuota_inicial+credito+contacto_rapido+canal_whatsapp,2.0,3.0,6990000.0,0,1,1
LD-00744,,18,seguimiento,24.0,3.0,7490000.0,0,0,0
LD-00745,,18,contacto_rapido+canal_whatsapp,2.0,3.0,8990000.0,0,0,0
LD-00746,,14,seguimiento,24.0,3.0,6990000.0,0,0,0
LD-00747,,14,canal_whatsapp,24.0,3.0,10000000.0,0,0,0
LD-00748,,15,canal_whatsapp,18.0,3.0,10000000.0,0,0,0
LD-00749,ia,7,cuota_inicial+credito+canal_whatsapp,24.0,3.0,4990000.0,0,1,1
LD-00750,,12,canal_whatsapp,24.0,3.0,21900000.0,0,0,0
LD-00751,ia,7,credito+canal_whatsapp,24.0,3.0,6290000.0,0,0,1
LD-00752,,8,seguimiento,72.0,3.0,6590000.0,0,0,0
LD-00753,,10,canal_whatsapp,49.25,3.0,10490000.0,0,0,0
LD-00754,ia,18,cuota_inicial+contacto_rapido+canal_whatsapp,6.0,3.0,4990000.0,0,1,0
LD-00755,,18,contacto_rapido+canal_whatsapp,4.0,3.0,7290000.0,0,0,0
LD-00756,,15,canal_whatsapp,24.0,3.0,6290000.0,0,0,0
LD-00757,,8,canal_whatsapp,47.78333333333333,3.0,24900000.0,0,0,0
LD-00758,,14,canal_whatsapp,24.0,3.0,7490000.0,0,0,0
LD-00759,ia,14,cuota_inicial,24.0,4.0,6990000.0,0,1,0
LD-00760,,18,contacto_rapido+canal_whatsapp,0.0,3.0,10000000.0,0,0,0
LD-00761,,14,canal_whatsapp,24.0,3.0,11490000.0,0,0,0
LD-00762,ia,0,cuota_inicial+canal_whatsapp,720.0,3.0,9890000.0,0,1,0
LD-00763,,15,seguimiento,24.0,3.0,4990000.0,0,0,0
LD-00764,ia,16,contacto_rapido+canal_whatsapp,4.0,3.0,14990000.0,0,0,0
LD-00765,ia,6,cuota_inicial+credito+canal_whatsapp,24.0,3.0,13990000.0,0,1,1
LD-00766,,18,contacto_rapido+canal_whatsapp,2.0,3.0,7190000.0,0,0,0
LD-00767,ia,10,cuota_inicial+canal_whatsapp,55.233333333333334,4.0,7990000.0,0,1,0
LD-00768,,19,contacto_rapido+canal_whatsapp,2.0,3.0,4990000.0,0,0,0
LD-00769,ia,17,seguimiento,24.0,3.0,11290000.0,0,0,0
LD-00770,ia,15,cuota_inicial+contacto_rapido+canal_whatsapp,1.0,3.0,22900000.0,0,1,0
LD-00771,,0,seguimiento,1428.0,3.0,21900000.0,0,0,0
LD-00772,,17,contacto_rapido,0.0,3.0,11490000.0,0,0,0
LD-00773,,18,seguimiento,25.116666666666667,3.0,10000000.0,0,0,0
LD-00774,,15,canal_whatsapp,24.0,3.0,6290000.0,0,0,0
LD-00775,,14,canal_whatsapp,24.0,3.0,9890000.0,0,0,0
LD-00776,ia,15,canal_whatsapp,24.0,3.0,5590000.0,0,0,0
LD-00777,,13,seguimiento,24.0,3.0,9890000.0,0,0,0
LD-00778,,19,contacto_rapido+canal_whatsapp,0.0,3.0,5590000.0,0,0,0
LD-00779,ia,18,cuota_inicial+contacto_rapido+canal_whatsapp,6.0,4.0,5790000.0,0,1,0
LD-00780,,14,seguimiento,24.0,3.0,5790000.0,0,0,0
LD-00781,,14,seguimiento,24.0,3.0,24900000.0,0,0,0
LD-00782,ia,6,credito,24.0,3.0,5290000.0,0,0,1
LD-00783,,21,contacto_rapido,4.0,3.0,13990000.0,0,0,0
LD-00784,,8,canal_whatsapp,72.0,3.0,11490000.0,0,0,0
LD-00785,,16,seguimiento,12.0,3.0,5790000.0,0,0,0
LD-00786,,19,contacto_rapido,0.0,3.0,22900000.0,0,0,0
LD-00787,ia,7,cuota_inicial+credito+canal_whatsapp,24.0,3.0,5590000.0,0,1,1
LD-00788,ia,17,pidio_cita+cuota_inicial+contacto_rapido+canal_whatsapp,2.0,4.0,5290000.0,1,1,0
LD-00789,,14,contacto_rapido,6.0,3.0,21900000.0,0,0,0
LD-00790,,24,contacto_rapido,0.5333333333333333,3.0,7190000.0,0,0,0
LD-00791,,13,seguimiento,24.0,3.0,10000000.0,0,0,0
LD-00792,fallback,0,canal_whatsapp,1464.0,4.0,22900000.0,0,0,0
LD-00793,,11,canal_whatsapp,24.0,3.0,22900000.0,0,0,0
LD-00794,ia,8,cuota_inicial+credito+contacto_rapido,0.0,3.0,6990000.0,0,1,1
LD-00795,ia,8,credito+contacto_rapido+canal_whatsapp,1.0,3.0,7490000.0,0,0,1
LD-00796,,16,canal_whatsapp,10.816666666666666,3.0,11290000.0,0,0,0
LD-00797,ia,17,cuota_inicial+contacto_rapido+canal_whatsapp,6.316666666666666,3.0,6890000.0,0,1,0
LD-00798,,17,contacto_rapido,6.0,3.0,6890000.0,0,0,0
LD-00799,,14,seguimiento,24.0,3.0,5290000.0,0,0,0
LD-00800,ia,7,cuota_inicial+credito+contacto_rapido,0.0,3.0,15490000.0,0,1,1
LD-00801,,18,contacto_rapido+canal_whatsapp,0.0,3.0,10000000.0,0,0,0
LD-00802,,16,canal_whatsapp,10.583333333333334,3.0,10000000.0,0,0,0
LD-00803,,21,contacto_rapido,6.0,3.0,10490000.0,0,0,0
LD-00804,ia,4,credito+canal_whatsapp,72.0,3.0,5290000.0,0,0,1
LD-00805,,18,contacto_rapido+canal_whatsapp,4.0,3.0,5790000.0,0,0,0
LD-00806,ia,14,seguimiento,24.0,4.0,7490000.0,0,0,0
LD-00807,ia,11,canal_whatsapp,48.0,3.0,8990000.0,0,0,0
LD-00808,,14,seguimiento,18.0,3.0,13990000.0,0,0,0
LD-00809,,14,seguimiento,24.0,3.0,7190000.0,0,0,0
LD-00810,ia,14,canal_whatsapp,25.816666666666666,3.0,6290000.0,0,0,0
LD-00811,,19,contacto_rapido+canal_whatsapp,0.0,3.0,7490000.0,0,0,0
LD-00812,,15,seguimiento,18.0,3.0,6890000.0,0,0,0
LD-00813,ia,14,cuota_inicial,24.0,3.0,7290000.0,0,1,0
LD-00814,,18,contacto_rapido+canal_whatsapp,6.0,3.0,5590000.0,0,0,0
LD-00815,,14,canal_whatsapp,24.0,3.0,10000000.0,0,0,0
LD-00816,ia,6,cuota_inicial+credito,24.0,3.0,5290000.0,0,1,1
LD-00817,,17,contacto_rapido,6.0,3.0,7990000.0,0,0,0
LD-00818,,18,contacto_rapido,4.0,3.0,4990000.0,0,0,0
LD-00819,,19,seguimiento,24.0,3.0,5290000.0,0,0,0
LD-00820,ia,0,cuota_inicial,726.0,4.0,4990000.0,0,1,0
LD-00821,ia,6,cuota_inicial+credito+canal_whatsapp,24.0,3.0,7490000.0,0,1,1
LD-00822,,14,canal_whatsapp,24.0,3.0,7990000.0,0,0,0
LD-00823,ia,6,cuota_inicial+credito+canal_whatsapp,30.0,3.0,9890000.0,0,1,1
LD-00824,,17,contacto_rapido+canal_whatsapp,7.75,3.0,8990000.0,0,0,0
LD-00825,,12,canal_whatsapp,24.0,3.0,21900000.0,0,0,0
LD-00826,,17,contacto_rapido+canal_whatsapp,0.0,3.0,15490000.0,0,0,0
LD-00827,ia,0,cuota_inicial+credito+canal_whatsapp,721.1833333333333,3.0,10490000.0,0,1,1
LD-00828,ia,14,cuota_inicial+canal_whatsapp,20.033333333333335,4.0,11290000.0,0,1,0
LD-00829,,17,canal_whatsapp,13.05,3.0,4990000.0,0,0,0
LD-00830,,13,canal_whatsapp,30.0,3.0,10000000.0,0,0,0
LD-00831,ia,13,cuota_inicial+canal_whatsapp,24.0,3.0,13990000.0,0,1,0
LD-00832,,0,seguimiento,2874.0,3.0,5590000.0,0,0,0
LD-00833,,11,seguimiento,24.0,3.0,22900000.0,0,0,0
LD-00834,,9,canal_whatsapp,72.0,3.0,5590000.0,0,0,0
LD-00835,ia,15,canal_whatsapp,24.0,3.0,6890000.0,0,0,0
LD-00836,ia,7,credito,12.9,3.0,10490000.0,0,0,1
LD-00837,ia,7,credito+canal_whatsapp,12.0,3.0,14990000.0,0,0,1
LD-00838,,18,seguimiento,24.0,3.0,7290000.0,0,0,0
LD-00839,ia,11,cuota_inicial,24.0,3.0,24900000.0,0,1,0
LD-00840,ia,6,cuota_inicial+credito+canal_whatsapp,24.0,3.0,8990000.0,0,1,1
LD-00841,ia,14,cuota_inicial,40.983333333333334,4.0,13990000.0,0,1,0
LD-00842,,8,canal_whatsapp,72.0,3.0,10000000.0,0,0,0
LD-00843,,13,canal_whatsapp,12.0,3.0,22900000.0,0,0,0
LD-00844,,15,contacto_rapido+canal_whatsapp,2.0,3.0,22900000.0,0,0,0
LD-00845,,0,canal_whatsapp,722.0,3.0,5290000.0,0,0,0
LD-00846,,18,contacto_rapido+canal_whatsapp,1.0,3.0,7990000.0,0,0,0
LD-00847,,12,canal_whatsapp,36.85,3.0,10000000.0,0,0,0
LD-00848,,8,canal_whatsapp,63.3,3.0,15490000.0,0,0,0
LD-00849,ia,15,cuota_inicial+canal_whatsapp,24.0,3.0,5790000.0,0,1,0
LD-00850,ia,5,credito+canal_whatsapp,48.21666666666667,3.0,5590000.0,0,0,1
LD-00851,,11,canal_whatsapp,24.0,3.0,22900000.0,0,0,0
LD-00852,,14,seguimiento,48.0,3.0,7190000.0,0,0,0
LD-00853,ia,6,credito+canal_whatsapp,24.0,3.0,14990000.0,0,0,1
LD-00854,ia,17,cuota_inicial+contacto_rapido+canal_whatsapp,0.0,3.0,11990000.0,0,1,0
LD-00855,,14,canal_whatsapp,24.0,3.0,6990000.0,0,0,0
LD-00856,ia,18,seguimiento,24.0,3.0,10490000.0,0,0,0
LD-00857,,18,contacto_rapido+canal_whatsapp,0.0,3.0,10000000.0,0,0,0
LD-00858,,18,contacto_rapido+canal_whatsapp,1.0,3.0,10490000.0,0,0,0
LD-00859,ia,7,credito+canal_whatsapp,17.766666666666666,3.0,6990000.0,0,0,1
LD-00860,ia,8,cuota_inicial+credito+contacto_rapido,2.0,3.0,5590000.0,0,1,1
LD-00861,,18,contacto_rapido+canal_whatsapp,6.0,3.0,5790000.0,0,0,0
LD-00862,,14,canal_whatsapp,24.0,3.0,6990000.0,0,0,0
LD-00863,ia,4,cuota_inicial+credito+canal_whatsapp,42.31666666666667,3.0,24900000.0,0,1,1
LD-00864,,14,canal_whatsapp,24.0,3.0,10000000.0,0,0,0
LD-00865,,13,canal_whatsapp,24.0,3.0,13990000.0,0,0,0
LD-00866,,23,contacto_rapido,0.0,3.0,7990000.0,0,0,0
LD-00867,ia,7,credito+contacto_rapido,0.0,3.0,15490000.0,0,0,1
LD-00868,,8,seguimiento,72.0,3.0,11490000.0,0,0,0
LD-00869,,14,canal_whatsapp,24.0,3.0,9890000.0,0,0,0
LD-00870,,15,seguimiento,24.0,3.0,4990000.0,0,0,0
LD-00871,ia,10,canal_whatsapp,48.0,1.0,10490000.0,0,0,0
LD-00872,,8,seguimiento,72.0,3.0,11290000.0,0,0,0
LD-00873,,14,canal_whatsapp,24.0,3.0,10490000.0,0,0,0
LD-00874,,14,seguimiento,24.0,3.0,7990000.0,0,0,0
LD-00875,,19,contacto_rapido,0.0,3.0,4990000.0,0,0,0
LD-00876,ia,14,cuota_inicial+canal_whatsapp,24.0,3.0,6590000.0,0,1,0
LD-00877,,14,canal_whatsapp,24.0,3.0,8990000.0,0,0,0
LD-00878,,15,canal_whatsapp,24.0,3.0,5290000.0,0,0,0
LD-00879,,15,seguimiento,20.566666666666666,3.0,5590000.0,0,0,0
LD-00880,ia,13,seguimiento,24.0,3.0,9890000.0,0,0,0
LD-00881,fallback,7,seguimiento,70.55,4.0,14990000.0,0,0,0
LD-00882,,6,canal_whatsapp,96.0,3.0,13990000.0,0,0,0
LD-00883,,14,canal_whatsapp,22.833333333333332,3.0,10000000.0,0,0,0
LD-00884,ia,9,canal_whatsapp,72.0,3.0,5790000.0,0,0,0
LD-00885,ia,8,canal_whatsapp,72.0,3.0,9890000.0,0,0,0
LD-00886,,18,contacto_rapido,1.0,3.0,6890000.0,0,0,0
LD-00887,,13,seguimiento,24.0,3.0,11490000.0,0,0,0
LD-00888,,19,seguimiento,24.0,3.0,6590000.0,0,0,0
LD-00889,ia,17,contacto_rapido+canal_whatsapp,2.0,3.0,10490000.0,0,0,0
LD-00890,,14,canal_whatsapp,24.0,3.0,7990000.0,0,0,0
LD-00891,ia,16,canal_whatsapp,12.0,3.0,10490000.0,0,0,0
LD-00892,,6,canal_whatsapp,96.0,3.0,8990000.0,0,0,0
LD-00893,ia,6,canal_whatsapp,96.0,3.0,4990000.0,0,0,0
LD-00894,ia,19,contacto_rapido+canal_whatsapp,1.0,3.0,6290000.0,0,0,0
LD-00895,ia,10,seguimiento,30.0,3.0,22900000.0,0,0,0
LD-00896,,17,contacto_rapido,6.0,3.0,8990000.0,0,0,0
LD-00897,ia,6,cuota_inicial+credito+canal_whatsapp,24.0,3.0,7190000.0,0,1,1
LD-00898,ia,12,canal_whatsapp,48.0,4.0,5290000.0,0,0,0
LD-00899,,15,seguimiento,18.0,3.0,6990000.0,0,0,0
LD-00900,,17,canal_whatsapp,10.9,3.0,5290000.0,0,0,0
LD-00901,,18,contacto_rapido,2.0,3.0,7190000.0,0,0,0
LD-00902,ia,15,cuota_inicial+canal_whatsapp,18.0,3.0,7490000.0,0,1,0
LD-00903,ia,18,cuota_inicial+contacto_rapido+canal_whatsapp,0.0,3.0,7490000.0,0,1,0
LD-00904,,16,canal_whatsapp,12.0,3.0,7990000.0,0,0,0
LD-00905,,5,canal_whatsapp,96.0,3.0,22900000.0,0,0,0
LD-00906,,8,seguimiento,72.0,3.0,24900000.0,0,0,0
LD-00907,,15,contacto_rapido,6.0,3.0,14990000.0,0,0,0
LD-00908,,0,canal_whatsapp,2862.0,3.0,7490000.0,0,0,0
LD-00909,,14,seguimiento,24.0,3.0,6990000.0,0,0,0
LD-00910,ia,11,cuota_inicial+canal_whatsapp,48.0,3.0,7990000.0,0,1,0
LD-00911,ia,15,cuota_inicial+canal_whatsapp,24.0,3.0,5790000.0,0,1,0
LD-00912,,15,seguimiento,19.35,3.0,4990000.0,0,0,0
LD-00913,,19,seguimiento,18.0,3.0,11490000.0,0,0,0
LD-00914,,5,canal_whatsapp,92.6,3.0,22900000.0,0,0,0
LD-00915,,17,seguimiento,24.0,3.0,14990000.0,0,0,0
LD-00916,ia,11,seguimiento,39.78333333333333,4.0,11990000.0,0,0,0
LD-00917,ia,14,canal_whatsapp,24.0,4.0,8990000.0,0,0,0
LD-00918,,13,canal_whatsapp,24.0,3.0,11990000.0,0,0,0
LD-00919,,14,contacto_rapido+canal_whatsapp,3.716666666666667,3.0,24900000.0,0,0,0
LD-00920,ia,7,cuota_inicial+credito+canal_whatsapp,24.0,3.0,5590000.0,0,1,1
LD-00921,ia,13,cuota_inicial,24.0,3.0,9890000.0,0,1,0
LD-00922,ia,15,cuota_inicial+contacto_rapido+canal_whatsapp,0.0,4.0,24900000.0,0,1,0
LD-00923,,13,seguimiento,30.0,3.0,6890000.0,0,0,0
LD-00924,,13,contacto_rapido,4.0,3.0,24900000.0,0,0,0
LD-00925,,17,contacto_rapido,1.0,3.0,10000000.0,0,0,0
LD-00926,,7,canal_whatsapp,83.33333333333333,3.0,10490000.0,0,0,0
LD-00927,ia,12,pidio_cita+cuota_inicial+canal_whatsapp,24.0,3.0,11490000.0,1,1,0
LD-00928,ia,19,contacto_rapido+canal_whatsapp,0.0,3.0,5590000.0,0,0,0
LD-00929,ia,14,seguimiento,24.0,1.0,5590000.0,0,0,0
LD-00930,,6,canal_whatsapp,96.0,3.0,7490000.0,0,0,0
LD-00931,ia,14,canal_whatsapp,30.0,3.0,5290000.0,0,0,0
LD-00932,ia,14,cuota_inicial,21.5,3.0,7290000.0,0,1,0
LD-00933,ia,0,canal_whatsapp,726.0,3.0,7290000.0,0,0,0
LD-00934,ia,10,seguimiento,72.0,3.0,11490000.0,0,0,0
LD-00935,,11,canal_whatsapp,48.0,3.0,6990000.0,0,0,0
LD-00936,,18,contacto_rapido+canal_whatsapp,0.0,3.0,11490000.0,0,0,0
LD-00937,,14,canal_whatsapp,24.0,3.0,7190000.0,0,0,0
LD-00938,,9,canal_whatsapp,72.0,3.0,5790000.0,0,0,0
LD-00939,,22,contacto_rapido,1.0,3.0,11990000.0,0,0,0
LD-00940,ia,9,cuota_inicial,65.55,3.0,7990000.0,0,1,0
LD-00941,,19,seguimiento,24.0,3.0,6890000.0,0,0,0
LD-00942,,13,seguimiento,24.0,3.0,10490000.0,0,0,0
LD-00943,,17,canal_whatsapp,12.0,3.0,5590000.0,0,0,0
LD-00944,ia,17,contacto_rapido+canal_whatsapp,0.0,3.0,11990000.0,0,0,0
LD-00945,,11,canal_whatsapp,48.0,3.0,4990000.0,0,0,0
LD-00946,fallback,14,seguimiento,12.0,3.0,15490000.0,0,0,0
LD-00947,,19,contacto_rapido+canal_whatsapp,0.0,3.0,7490000.0,0,0,0
LD-00948,,11,seguimiento,37.333333333333336,3.0,10490000.0,0,0,0
LD-00949,ia,13,seguimiento,24.0,1.0,8990000.0,0,0,0
LD-00950,ia,6,credito,24.0,3.0,7990000.0,0,0,1
LD-00951,,15,seguimiento,24.0,3.0,4990000.0,0,0,0
LD-00952,,18,contacto_rapido+canal_whatsapp,1.0,3.0,10000000.0,0,0,0
LD-00953,,14,seguimiento,24.0,3.0,5790000.0,0,0,0
LD-00954,ia,14,canal_whatsapp,24.0,3.0,7190000.0,0,0,0
LD-00955,ia,17,cuota_inicial+contacto_rapido,0.0,3.0,11490000.0,0,1,0
LD-00956,ia,0,cuota_inicial,2160.0,3.0,6590000.0,0,1,0
LD-00957,,7,canal_whatsapp,83.28333333333333,3.0,7190000.0,0,0,0
LD-00958,ia,15,canal_whatsapp,24.0,3.0,6290000.0,0,0,0
LD-00959,,18,contacto_rapido,0.0,3.0,8990000.0,0,0,0
LD-00960,ia,15,cuota_inicial+canal_whatsapp,24.0,4.0,5590000.0,0,1,0
LD-00961,,11,seguimiento,24.0,3.0,21900000.0,0,0,0
LD-00962,,13,seguimiento,12.0,3.0,21900000.0,0,0,0
LD-00963,fallback,18,contacto_rapido,2.0,3.0,7990000.0,0,0,0
LD-00964,,17,contacto_rapido,2.0,3.0,11990000.0,0,0,0
LD-00965,ia,11,canal_whatsapp,24.0,3.0,24900000.0,0,0,0
LD-00966,,6,canal_whatsapp,72.0,3.0,22900000.0,0,0,0
LD-00967,,17,contacto_rapido,6.0,3.0,7490000.0,0,0,0
LD-00968,,14,canal_whatsapp,24.0,3.0,7990000.0,0,0,0
LD-00969,,11,canal_whatsapp,24.0,3.0,24900000.0,0,0,0
LD-00970,,15,canal_whatsapp,24.0,3.0,4990000.0,0,0,0
LD-00971,,8,canal_whatsapp,72.0,3.0,7190000.0,0,0,0
LD-00972,ia,5,cuota_inicial+credito,24.0,3.0,14990000.0,0,1,1
LD-00973,,14,seguimiento,51.21666666666667,3.0,6290000.0,0,0,0
LD-00974,,15,canal_whatsapp,24.0,3.0,5790000.0,0,0,0
LD-00975,ia,13,canal_whatsapp,30.0,1.0,5290000.0,0,0,0
LD-00976,,18,contacto_rapido+canal_whatsapp,4.0,3.0,7190000.0,0,0,0
LD-00977,,14,contacto_rapido+canal_whatsapp,6.0,3.0,21900000.0,0,0,0
LD-00978,ia,14,canal_whatsapp,24.0,3.0,7990000.0,0,0,0
LD-00979,ia,16,cuota_inicial+canal_whatsapp,18.0,4.0,4990000.0,0,1,0
LD-00980,ia,14,seguimiento,24.0,4.0,7990000.0,0,0,0
LD-00981,ia,15,canal_whatsapp,24.0,3.0,5590000.0,0,0,0
LD-00982,ia,9,canal_whatsapp,72.0,3.0,5590000.0,0,0,0
LD-00983,ia,16,canal_whatsapp,12.0,4.0,10490000.0,0,0,0
LD-00984,ia,11,seguimiento,72.0,3.0,5790000.0,0,0,0
LD-00985,,8,seguimiento,96.0,3.0,11490000.0,0,0,0
LD-00986,ia,8,credito,24.0,3.0,7290000.0,0,0,1
LD-00987,,13,seguimiento,24.0,3.0,10000000.0,0,0,0
LD-00988,ia,5,cuota_inicial+credito,72.0,4.0,7290000.0,0,1,1
LD-00989,,15,canal_whatsapp,24.0,3.0,4990000.0,0,0,0
LD-00990,,5,canal_whatsapp,116.16666666666667,3.0,5790000.0,0,0,0
LD-00991,ia,6,cuota_inicial+credito+canal_whatsapp,24.0,3.0,7990000.0,0,1,1
LD-00992,ia,14,canal_whatsapp,24.0,3.0,10490000.0,0,0,0
LD-00993,ia,7,cuota_inicial+credito+canal_whatsapp,24.0,3.0,5790000.0,0,1,1
LD-00994,,5,canal_whatsapp,86.1,3.0,22900000.0,0,0,0
LD-00995,,14,seguimiento,24.0,3.0,7190000.0,0,0,0
LD-00996,,10,canal_whatsapp,56.63333333333333,3.0,5790000.0,0,0,0
LD-00997,ia,6,cuota_inicial+credito+canal_whatsapp,24.0,3.0,11990000.0,0,1,1
LD-00998,,14,canal_whatsapp,24.0,3.0,10000000.0,0,0,0
LD-00999,,13,seguimiento,24.0,3.0,11490000.0,0,0,0
LD-01000,,14,canal_whatsapp,24.0,3.0,7490000.0,0,0,0
LD-01001,,15,canal_whatsapp,18.0,3.0,7490000.0,0,0,0
LD-01002,ia,18,contacto_rapido+canal_whatsapp,0.0,3.0,7990000.0,0,0,0
LD-01003,,11,seguimiento,24.0,3.0,24900000.0,0,0,0
LD-01004,ia,10,seguimiento,48.0,1.0,5590000.0,0,0,0
LD-01005,ia,17,canal_whatsapp,12.0,3.0,6990000.0,0,0,0
LD-01006,ia,8,seguimiento,96.0,4.0,14990000.0,0,0,0
LD-01007,,19,contacto_rapido,1.0,3.0,21900000.0,0,0,0
LD-01008,,15,canal_whatsapp,18.0,3.0,7990000.0,0,0,0
LD-01009,,14,seguimiento,24.0,3.0,6290000.0,0,0,0
LD-01010,,14,canal_whatsapp,30.0,3.0,6990000.0,0,0,0
LD-01011,,13,seguimiento,24.0,3.0,10000000.0,0,0,0
LD-01012,ia,3,cuota_inicial+credito+canal_whatsapp,96.0,3.0,6590000.0,0,1,1
LD-01013,,17,canal_whatsapp,12.0,3.0,5590000.0,0,0,0
LD-01014,ia,9,cuota_inicial+credito,24.0,3.0,5290000.0,0,1,1
LD-01015,ia,16,cuota_inicial,12.0,4.0,7490000.0,0,1,0
LD-01016,,6,canal_whatsapp,83.55,3.0,22900000.0,0,0,0
LD-01017,ia,6,credito,26.916666666666668,3.0,4990000.0,0,0,1
LD-01018,,13,seguimiento,24.0,3.0,10000000.0,0,0,0
LD-01019,ia,18,cuota_inicial,24.0,3.0,6890000.0,0,1,0
LD-01020,,14,canal_whatsapp,24.0,3.0,10000000.0,0,0,0
LD-01021,ia,15,cuota_inicial+canal_whatsapp,24.0,3.0,4990000.0,0,1,0
LD-01022,ia,8,cuota_inicial+credito+contacto_rapido+canal_whatsapp,4.0,3.0,7490000.0,0,1,1
LD-01023,,13,seguimiento,24.0,3.0,11290000.0,0,0,0
LD-01024,ia,7,cuota_inicial+credito+canal_whatsapp,17.683333333333334,3.0,6890000.0,0,1,1
LD-01025,ia,13,seguimiento,24.0,3.0,10490000.0,0,0,0
LD-01026,ia,12,canal_whatsapp,24.0,1.0,14990000.0,0,0,0
LD-01027,,13,seguimiento,24.0,3.0,10000000.0,0,0,0
LD-01028,ia,13,canal_whatsapp,24.0,3.0,14990000.0,0,0,0
LD-01029,ia,13,cuota_inicial+canal_whatsapp,24.0,3.0,11290000.0,0,1,0
LD-01030,,14,canal_whatsapp,21.833333333333332,3.0,11290000.0,0,0,0
LD-01031,ia,10,seguimiento,72.0,3.0,11990000.0,0,0,0
LD-01032,ia,6,canal_whatsapp,72.0,4.0,24900000.0,0,0,0
LD-01033,,14,seguimiento,24.0,3.0,6290000.0,0,0,0
LD-01034,ia,17,cuota_inicial+contacto_rapido,7.833333333333333,3.0,7290000.0,0,1,0
LD-01035,,15,canal_whatsapp,24.0,3.0,4990000.0,0,0,0
LD-01036,ia,15,canal_whatsapp,24.0,3.0,6590000.0,0,0,0
LD-01037,,18,seguimiento,24.0,3.0,7290000.0,0,0,0
LD-01038,,15,canal_whatsapp,24.0,3.0,5790000.0,0,0,0
LD-01039,ia,10,seguimiento,49.35,1.0,24900000.0,0,0,0
LD-01040,,13,canal_whatsapp,30.0,3.0,7990000.0,0,0,0
LD-01041,ia,9,credito+contacto_rapido+canal_whatsapp,0.0,3.0,7490000.0,0,0,1
LD-01042,ia,8,cuota_inicial+credito+contacto_rapido,4.0,3.0,22900000.0,0,1,1
LD-01043,ia,17,seguimiento,24.0,1.0,7290000.0,0,0,0
LD-01044,ia,3,cuota_inicial+credito+canal_whatsapp,96.0,3.0,5290000.0,0,1,1
LD-01045,ia,8,cuota_inicial+credito+contacto_rapido,0.0,3.0,5790000.0,0,1,1
LD-01046,,13,canal_whatsapp,24.0,3.0,14990000.0,0,0,0
LD-01047,,13,seguimiento,24.0,3.0,10490000.0,0,0,0
LD-01048,,14,contacto_rapido+canal_whatsapp,4.0,3.0,24900000.0,0,0,0
LD-01049,,13,seguimiento,24.0,3.0,13990000.0,0,0,0
LD-01050,,13,seguimiento,30.0,3.0,7290000.0,0,0,0
LD-01051,,15,canal_whatsapp,18.0,3.0,8990000.0,0,0,0
LD-01052,,6,seguimiento,96.0,3.0,5790000.0,0,0,0
LD-01053,fallback,14,seguimiento,24.0,3.0,7490000.0,0,0,0
LD-01054,,15,seguimiento,13.866666666666667,3.0,11990000.0,0,0,0
LD-01055,,15,canal_whatsapp,24.0,3.0,5790000.0,0,0,0
LD-01056,ia,11,cuota_inicial+credito+contacto_rapido,1.0,3.0,6990000.0,0,1,1
LD-01057,,13,seguimiento,23.9,3.0,14990000.0,0,0,0
LD-01058,,12,seguimiento,24.0,3.0,14990000.0,0,0,0
LD-01059,,12,seguimiento,18.0,3.0,21900000.0,0,0,0
LD-01060,,19,seguimiento,21.0,3.0,7290000.0,0,0,0
LD-01061,ia,14,canal_whatsapp,24.0,1.0,7190000.0,0,0,0
LD-01062,ia,18,contacto_rapido+canal_whatsapp,6.0,3.0,7190000.0,0,0,0
LD-01063,,19,contacto_rapido+canal_whatsapp,1.0,3.0,6990000.0,0,0,0
LD-01064,ia,17,contacto_rapido,4.0,3.0,7190000.0,0,0,0
LD-01065,,18,contacto_rapido,1.0,3.0,6590000.0,0,0,0
LD-01066,ia,14,canal_whatsapp,24.0,3.0,11490000.0,0,0,0
LD-01067,,24,contacto_rapido,0.0,3.0,7290000.0,0,0,0
LD-01068,ia,14,canal_whatsapp,24.0,1.0,6290000.0,0,0,0
LD-01069,,17,contacto_rapido,2.0,3.0,11290000.0,0,0,0
LD-01070,,0,canal_whatsapp,4992.0,3.0,10490000.0,0,0,0
LD-01071,ia,12,canal_whatsapp,30.0,3.0,14990000.0,0,0,0
LD-01072,ia,8,cuota_inicial+credito,24.0,3.0,9890000.0,0,1,1
LD-01073,,12,canal_whatsapp,24.0,3.0,21900000.0,0,0,0
LD-01074,ia,13,canal_whatsapp,24.0,3.0,13990000.0,0,0,0
LD-01075,,11,seguimiento,72.0,3.0,6290000.0,0,0,0
LD-01076,,18,contacto_rapido,0.0,3.0,7490000.0,0,0,0
LD-01077,,8,seguimiento,96.0,3.0,7290000.0,0,0,0
LD-01078,,22,contacto_rapido,0.0,3.0,13990000.0,0,0,0
LD-01079,,17,canal_whatsapp,12.0,3.0,5290000.0,0,0,0
LD-01080,fallback,15,canal_whatsapp,24.0,3.0,5290000.0,0,0,0
LD-01081,,16,contacto_rapido+canal_whatsapp,4.0,3.0,13990000.0,0,0,0
LD-01082,ia,15,seguimiento,24.0,4.0,5790000.0,0,0,0
LD-01083,ia,13,canal_whatsapp,24.0,3.0,14990000.0,0,0,0
LD-01084,ia,10,seguimiento,54.9,3.0,6290000.0,0,0,0
LD-01085,ia,13,cuota_inicial+canal_whatsapp,34.86666666666667,3.0,7290000.0,0,1,0
LD-01086,,9,canal_whatsapp,61.05,3.0,10000000.0,0,0,0
LD-01087,,15,canal_whatsapp,24.0,3.0,6890000.0,0,0,0
LD-01088,fallback,17,contacto_rapido+canal_whatsapp,0.0,3.0,15490000.0,0,0,0
LD-01089,,14,canal_whatsapp,24.0,3.0,10000000.0,0,0,0
LD-01090,ia,17,cuota_inicial+contacto_rapido,2.0,3.0,8990000.0,0,1,0
LD-01091,,23,contacto_rapido,1.0,3.0,6890000.0,0,0,0
LD-01092,,19,contacto_rapido+canal_whatsapp,1.0,3.0,5590000.0,0,0,0
LD-01093,,14,canal_whatsapp,24.0,3.0,11490000.0,0,0,0
LD-01094,ia,11,credito+contacto_rapido,0.0,3.0,7490000.0,0,0,1
LD-01095,ia,15,seguimiento,24.0,3.0,4990000.0,0,0,0
LD-01096,ia,8,cuota_inicial+credito+contacto_rapido+canal_whatsapp,0.0,4.0,8990000.0,0,1,1
LD-01097,ia,6,credito+canal_whatsapp,24.0,3.0,7490000.0,0,0,1
LD-01098,ia,6,credito,24.0,3.0,7990000.0,0,0,1
LD-01099,ia,11,cuota_inicial,24.0,4.0,22900000.0,0,1,0
LD-01100,ia,7,credito+canal_whatsapp,24.0,3.0,6290000.0,0,0,1
LD-01101,ia,18,contacto_rapido+canal_whatsapp,6.0,3.0,5790000.0,0,0,0
LD-01102,,18,contacto_rapido+canal_whatsapp,0.0,3.0,10490000.0,0,0,0
LD-01103,,14,canal_whatsapp,24.0,3.0,8990000.0,0,0,0
LD-01104,,23,contacto_rapido,1.0,3.0,6990000.0,0,0,0
LD-01105,,15,seguimiento,18.0,3.0,7290000.0,0,0,0
LD-01106,ia,19,seguimiento,18.0,3.0,8990000.0,0,0,0
LD-01107,fallback,17,contacto_rapido,0.0,3.0,11990000.0,0,0,0
LD-01108,ia,5,cuota_inicial+credito,24.0,3.0,22900000.0,0,1,1
LD-01109,,18,contacto_rapido+canal_whatsapp,0.0,3.0,9890000.0,0,0,0
LD-01110,,17,seguimiento,10.766666666666667,3.0,4990000.0,0,0,0
LD-01111,,5,canal_whatsapp,96.0,3.0,15490000.0,0,0,0
LD-01112,ia,8,cuota_inicial+credito+contacto_rapido+canal_whatsapp,6.0,3.0,7190000.0,0,1,1
LD-01113,ia,14,seguimiento,27.116666666666667,3.0,7290000.0,0,0,0
LD-01114,,13,canal_whatsapp,24.0,3.0,14990000.0,0,0,0
LD-01115,,16,contacto_rapido+canal_whatsapp,4.0,3.0,15490000.0,0,0,0
LD-01116,,18,seguimiento,24.0,3.0,7290000.0,0,0,0
LD-01117,ia,24,cuota_inicial+contacto_rapido,1.0,4.0,6990000.0,0,1,0
LD-01118,ia,7,credito,24.0,3.0,21900000.0,0,0,1
LD-01119,,15,contacto_rapido+canal_whatsapp,0.0,3.0,22900000.0,0,0,0
LD-01120,,14,canal_whatsapp,24.0,3.0,11490000.0,0,0,0
LD-01121,,0,seguimiento,2928.0,3.0,8990000.0,0,0,0
LD-01122,,14,seguimiento,30.0,3.0,5290000.0,0,0,0
LD-01123,,8,seguimiento,72.0,3.0,7990000.0,0,0,0
LD-01124,,12,canal_whatsapp,29.1,3.0,14990000.0,0,0,0
LD-01125,ia,14,seguimiento,24.0,1.0,5790000.0,0,0,0
LD-01126,,18,contacto_rapido,2.0,3.0,6890000.0,0,0,0
LD-01127,,0,canal_whatsapp,1417.0,3.0,14990000.0,0,0,0
LD-01128,ia,14,cuota_inicial,24.0,4.0,8990000.0,0,1,0
LD-01129,ia,18,seguimiento,31.166666666666668,3.0,5590000.0,0,0,0
LD-01130,,15,canal_whatsapp,24.0,3.0,5590000.0,0,0,0
LD-01131,,12,canal_whatsapp,42.96666666666667,3.0,4990000.0,0,0,0
LD-01132,,14,seguimiento,24.0,3.0,5790000.0,0,0,0
LD-01133,ia,3,cuota_inicial+credito+canal_whatsapp,86.56666666666666,3.0,11990000.0,0,1,1
LD-01134,ia,15,cuota_inicial+canal_whatsapp,24.0,4.0,4990000.0,0,1,0
LD-01135,,14,seguimiento,24.0,3.0,8990000.0,0,0,0
LD-01136,ia,15,seguimiento,25.466666666666665,4.0,5790000.0,0,0,0
LD-01137,ia,5,cuota_inicial+credito,30.0,3.0,14990000.0,0,1,1
LD-01138,,16,canal_whatsapp,12.0,3.0,7490000.0,0,0,0
LD-01139,ia,18,cuota_inicial+contacto_rapido,2.0,3.0,6990000.0,0,1,0
LD-01140,ia,13,canal_whatsapp,24.0,1.0,9890000.0,0,0,0
LD-01141,,15,seguimiento,22.0,3.0,24900000.0,0,0,0
LD-01142,ia,23,cuota_inicial+contacto_rapido,1.0,3.0,6890000.0,0,1,0
LD-01143,ia,17,contacto_rapido,6.0,3.0,7990000.0,0,0,0
LD-01144,,20,seguimiento,12.0,3.0,8990000.0,0,0,0
LD-01145,,8,canal_whatsapp,72.0,3.0,7990000.0,0,0,0
LD-01146,ia,5,cuota_inicial+canal_whatsapp,96.0,3.0,15490000.0,0,1,0
LD-01147,,14,canal_whatsapp,24.0,3.0,7190000.0,0,0,0
LD-01148,,18,contacto_rapido+canal_whatsapp,6.0,3.0,6290000.0,0,0,0
LD-01149,,17,seguimiento,24.0,3.0,11290000.0,0,0,0
LD-01150,,17,contacto_rapido+canal_whatsapp,0.0,3.0,14990000.0,0,0,0
LD-01151,,14,canal_whatsapp,24.0,3.0,10000000.0,0,0,0
LD-01152,,17,contacto_rapido+canal_whatsapp,4.0,3.0,9890000.0,0,0,0
LD-01153,,21,contacto_rapido,4.0,3.0,11990000.0,0,0,0
LD-01154,,14,canal_whatsapp,24.0,3.0,10000000.0,0,0,0
LD-01155,ia,7,cuota_inicial+credito,12.25,3.0,10490000.0,0,1,1
LD-01156,,18,contacto_rapido,1.0,3.0,6990000.0,0,0,0
LD-01157,,24,contacto_rapido,2.0,3.0,5790000.0,0,0,0
LD-01158,,15,canal_whatsapp,24.0,3.0,5790000.0,0,0,0
LD-01159,,5,canal_whatsapp,96.0,3.0,15490000.0,0,0,0
LD-01160,ia,15,canal_whatsapp,24.0,3.0,6890000.0,0,0,0
LD-01161,,18,contacto_rapido+canal_whatsapp,2.0,3.0,10000000.0,0,0,0
LD-01162,ia,7,cuota_inicial+credito+canal_whatsapp,14.516666666666667,3.0,5790000.0,0,1,1
LD-01163,,17,contacto_rapido+canal_whatsapp,6.0,3.0,7490000.0,0,0,0
LD-01164,ia,3,cuota_inicial+credito+canal_whatsapp,96.0,3.0,6890000.0,0,1,1
LD-01165,ia,14,seguimiento,24.0,1.0,4990000.0,0,0,0
LD-01166,fallback,15,canal_whatsapp,24.0,4.0,5290000.0,0,0,0
LD-01167,,10,seguimiento,55.45,3.0,7290000.0,0,0,0
LD-01168,,15,canal_whatsapp,24.0,3.0,5790000.0,0,0,0
LD-01169,ia,5,credito+canal_whatsapp,24.0,3.0,22900000.0,0,0,1
LD-01170,ia,14,cuota_inicial+contacto_rapido+canal_whatsapp,0.0,3.0,24900000.0,0,1,0
LD-01171,,14,canal_whatsapp,24.0,3.0,10000000.0,0,0,0
LD-01172,,7,canal_whatsapp,91.83333333333333,3.0,5290000.0,0,0,0
LD-01173,,19,contacto_rapido+canal_whatsapp,1.0,3.0,7190000.0,0,0,0
LD-01174,,18,contacto_rapido,0.8333333333333334,3.0,7290000.0,0,0,0
LD-01175,,18,contacto_rapido+canal_whatsapp,6.0,3.0,6590000.0,0,0,0
LD-01176,,19,seguimiento,24.0,3.0,6990000.0,0,0,0
LD-01177,ia,14,cuota_inicial+canal_whatsapp,24.0,3.0,6590000.0,0,1,0
LD-01178,ia,18,contacto_rapido+canal_whatsapp,0.0,4.0,10490000.0,0,0,0
LD-01179,,13,seguimiento,34.85,3.0,22900000.0,0,0,0
LD-01180,ia,0,cuota_inicial+credito,4926.55,3.0,6590000.0,0,1,1
LD-01181,ia,7,credito+canal_whatsapp,18.0,3.0,5790000.0,0,0,1
LD-01182,,13,seguimiento,24.0,3.0,10000000.0,0,0,0
LD-01183,,11,canal_whatsapp,24.0,3.0,22900000.0,0,0,0
LD-01184,,16,contacto_rapido+canal_whatsapp,6.0,3.0,15490000.0,0,0,0
LD-01185,,15,canal_whatsapp,24.0,3.0,6890000.0,0,0,0
LD-01186,ia,8,cuota_inicial+credito+contacto_rapido,0.0,3.0,7190000.0,0,1,1
LD-01187,ia,17,cuota_inicial+canal_whatsapp,12.0,4.0,6990000.0,0,1,0
LD-01188,,17,contacto_rapido+canal_whatsapp,0.0,3.0,13990000.0,0,0,0
LD-01189,,14,seguimiento,28.366666666666667,3.0,5590000.0,0,0,0
LD-01190,,17,contacto_rapido,1.0,3.0,10000000.0,0,0,0
LD-01191,,14,canal_whatsapp,24.0,3.0,7990000.0,0,0,0
LD-01192,ia,13,cuota_inicial+canal_whatsapp,24.0,3.0,14990000.0,0,1,0
LD-01193,,9,seguimiento,59.416666666666664,3.0,11490000.0,0,0,0
LD-01194,,5,canal_whatsapp,119.9,3.0,7990000.0,0,0,0
LD-01195,,18,seguimiento,24.0,3.0,8990000.0,0,0,0
LD-01196,,17,contacto_rapido,6.0,3.0,6890000.0,0,0,0
LD-01197,ia,14,seguimiento,24.0,4.0,8990000.0,0,0,0
LD-01198,ia,6,credito,24.0,3.0,8990000.0,0,0,1
LD-01199,ia,14,cuota_inicial,24.0,4.0,8990000.0,0,1,0
LD-01200,,14,seguimiento,24.0,3.0,5790000.0,0,0,0
LD-01201,,13,seguimiento,24.0,3.0,10000000.0,0,0,0
LD-01202,ia,10,cuota_inicial+canal_whatsapp,56.583333333333336,3.0,7190000.0,0,1,0
LD-01203,,18,contacto_rapido,1.0,3.0,5590000.0,0,0,0
LD-01204,,23,contacto_rapido,0.0,3.0,10490000.0,0,0,0
LD-01205,ia,7,credito,24.0,3.0,15490000.0,0,0,1
LD-01206,,16,canal_whatsapp,12.0,3.0,10000000.0,0,0,0
LD-01207,,13,canal_whatsapp,24.0,3.0,13990000.0,0,0,0
LD-01208,ia,7,credito+canal_whatsapp,12.0,3.0,7290000.0,0,0,1
LD-01209,ia,7,credito+contacto_rapido,4.0,3.0,11490000.0,0,0,1
LD-01210,ia,6,seguimiento,116.88333333333334,4.0,13990000.0,0,0,0
LD-01211,,15,canal_whatsapp,24.0,3.0,6890000.0,0,0,0
LD-01212,ia,7,credito,24.0,3.0,15490000.0,0,0,1
LD-01213,ia,9,cuota_inicial+credito+contacto_rapido+canal_whatsapp,0.5333333333333333,3.0,6290000.0,0,1,1
LD-01214,,15,canal_whatsapp,15.483333333333333,3.0,9890000.0,0,0,0
LD-01215,ia,18,cuota_inicial+contacto_rapido,0.0,3.0,6890000.0,0,1,0
LD-01216,,18,contacto_rapido+canal_whatsapp,0.0,3.0,10490000.0,0,0,0
LD-01217,ia,15,cuota_inicial+canal_whatsapp,24.0,4.0,7990000.0,0,1,0
LD-01218,,8,canal_whatsapp,71.93333333333334,3.0,7190000.0,0,0,0
LD-01219,ia,18,contacto_rapido,0.0,4.0,8990000.0,0,0,0
LD-01220,,16,canal_whatsapp,13.683333333333334,3.0,7490000.0,0,0,0
LD-01221,,15,canal_whatsapp,18.766666666666666,3.0,7490000.0,0,0,0
LD-01222,,16,seguimiento,15.0,3.0,6590000.0,0,0,0
LD-01223,ia,24,contacto_rapido,0.0,4.0,6990000.0,0,0,0
LD-01224,,15,seguimiento,12.0,3.0,10490000.0,0,0,0
LD-01225,,14,seguimiento,24.0,3.0,24900000.0,0,0,0
LD-01226,,13,canal_whatsapp,24.0,3.0,11990000.0,0,0,0
LD-01227,,15,canal_whatsapp,24.0,3.0,5590000.0,0,0,0
LD-01228,ia,9,cuota_inicial,90.88333333333334,4.0,5790000.0,0,1,0
LD-01229,ia,15,canal_whatsapp,24.0,4.0,7290000.0,0,0,0
LD-01230,,18,contacto_rapido,1.0,3.0,5790000.0,0,0,0
LD-01231,,15,canal_whatsapp,24.0,3.0,5290000.0,0,0,0
LD-01232,,7,canal_whatsapp,72.0,3.0,13990000.0,0,0,0
LD-01233,,13,seguimiento,24.0,3.0,10000000.0,0,0,0
LD-01234,,22,contacto_rapido,6.0,3.0,7990000.0,0,0,0
LD-01235,,14,canal_whatsapp,24.0,3.0,8990000.0,0,0,0
LD-01236,ia,8,credito+contacto_rapido+canal_whatsapp,4.0,3.0,4990000.0,0,0,1
LD-01237,,14,seguimiento,18.0,3.0,11490000.0,0,0,0
LD-01238,ia,5,cuota_inicial+credito,24.0,3.0,24900000.0,0,1,1
LD-01239,,16,contacto_rapido+canal_whatsapp,1.8833333333333333,3.0,15490000.0,0,0,0
LD-01240,,18,contacto_rapido,3.0,3.0,5290000.0,0,0,0
LD-01241,ia,16,seguimiento,11.916666666666666,3.0,5290000.0,0,0,0
LD-01242,ia,5,credito+canal_whatsapp,24.0,3.0,22900000.0,0,0,1
LD-01243,fallback,13,canal_whatsapp,24.0,3.0,14990000.0,0,0,0
LD-01244,,18,contacto_rapido+canal_whatsapp,0.0,3.0,8990000.0,0,0,0
LD-01245,,14,canal_whatsapp,24.0,3.0,9890000.0,0,0,0
LD-01246,ia,20,seguimiento,24.0,4.0,5290000.0,0,0,0
LD-01247,,19,seguimiento,24.0,3.0,6590000.0,0,0,0
LD-01248,ia,14,seguimiento,24.0,1.0,21900000.0,0,0,0
LD-01249,,13,seguimiento,24.0,3.0,9890000.0,0,0,0
LD-01250,ia,15,cuota_inicial+canal_whatsapp,24.0,4.0,5790000.0,0,1,0
LD-01251,,14,canal_whatsapp,24.0,3.0,7290000.0,0,0,0
LD-01252,,18,contacto_rapido,6.0,3.0,5290000.0,0,0,0
LD-01253,,17,contacto_rapido,0.0,3.0,11990000.0,0,0,0
LD-01254,,18,contacto_rapido,2.0,3.0,6290000.0,0,0,0
LD-01255,ia,15,cuota_inicial,24.0,4.0,4990000.0,0,1,0
LD-01256,,14,seguimiento,24.0,3.0,5590000.0,0,0,0
LD-01257,,14,canal_whatsapp,24.0,3.0,7490000.0,0,0,0
LD-01258,,17,contacto_rapido,1.0,3.0,10490000.0,0,0,0
LD-01259,ia,14,cuota_inicial+canal_whatsapp,24.0,3.0,7990000.0,0,1,0
LD-01260,,14,canal_whatsapp,24.0,3.0,7490000.0,0,0,0
LD-01261,,17,contacto_rapido,1.0,3.0,10000000.0,0,0,0
LD-01262,ia,6,cuota_inicial+credito,24.0,3.0,8990000.0,0,1,1
LD-01263,,15,seguimiento,18.0,3.0,7490000.0,0,0,0
LD-01264,,13,canal_whatsapp,24.0,3.0,13990000.0,0,0,0
LD-01265,,7,seguimiento,72.0,3.0,15490000.0,0,0,0
LD-01266,,13,seguimiento,24.0,3.0,11990000.0,0,0,0
LD-01267,,18,seguimiento,24.0,3.0,10000000.0,0,0,0
LD-01268,,18,seguimiento,24.0,3.0,10490000.0,0,0,0
LD-01269,ia,3,cuota_inicial+credito+canal_whatsapp,72.0,3.0,8990000.0,0,1,1
LD-01270,,21,seguimiento,12.0,3.0,6890000.0,0,0,0
LD-01271,ia,5,cuota_inicial+credito+canal_whatsapp,48.0,3.0,4990000.0,0,1,1
LD-01272,ia,16,cuota_inicial+canal_whatsapp,18.0,4.0,5590000.0,0,1,0
LD-01273,ia,6,cuota_inicial+credito+canal_whatsapp,24.0,3.0,11290000.0,0,1,1
LD-01274,ia,8,cuota_inicial+credito+contacto_rapido+canal_whatsapp,0.0,3.0,8990000.0,0,1,1
LD-01275,ia,7,cuota_inicial+credito,24.0,3.0,15490000.0,0,1,1
LD-01276,,15,canal_whatsapp,24.0,3.0,5790000.0,0,0,0
LD-01277,ia,8,credito+canal_whatsapp,12.0,3.0,5590000.0,0,0,1
LD-01278,ia,9,seguimiento,83.81666666666666,4.0,11990000.0,0,0,0
LD-01279,,21,seguimiento,14.616666666666667,3.0,5790000.0,0,0,0
LD-01280,ia,18,contacto_rapido+canal_whatsapp,6.0,3.0,6590000.0,0,0,0
LD-01281,,14,seguimiento,24.0,3.0,5790000.0,0,0,0
LD-01282,,16,canal_whatsapp,18.0,3.0,6590000.0,0,0,0
LD-01283,,14,canal_whatsapp,24.0,3.0,7190000.0,0,0,0
LD-01284,,15,contacto_rapido+canal_whatsapp,2.0,3.0,21900000.0,0,0,0
LD-01285,ia,19,seguimiento,18.0,3.0,8990000.0,0,0,0
LD-01286,fallback,14,canal_whatsapp,26.15,3.0,8990000.0,0,0,0
LD-01287,ia,24,contacto_rapido,0.0,3.0,5790000.0,0,0,0
LD-01288,,14,canal_whatsapp,24.0,3.0,7990000.0,0,0,0
LD-01289,ia,6,cuota_inicial+credito+canal_whatsapp,24.0,3.0,13990000.0,0,1,1
LD-01290,ia,7,cuota_inicial+credito+contacto_rapido,0.0,3.0,13990000.0,0,1,1
LD-01291,,14,canal_whatsapp,24.0,3.0,10490000.0,0,0,0
LD-01292,,6,canal_whatsapp,72.0,3.0,22900000.0,0,0,0
LD-01293,,18,contacto_rapido+canal_whatsapp,0.0,3.0,9890000.0,0,0,0
LD-01294,,14,seguimiento,24.0,3.0,7290000.0,0,0,0
LD-01295,,15,canal_whatsapp,24.0,3.0,5290000.0,0,0,0
LD-01296,ia,17,seguimiento,24.0,3.0,14990000.0,0,0,0
LD-01297,ia,10,cuota_inicial+credito+contacto_rapido,1.0,3.0,14990000.0,0,1,1
LD-01298,,12,seguimiento,30.0,3.0,10490000.0,0,0,0
LD-01299,,11,seguimiento,24.0,3.0,22900000.0,0,0,0
LD-01300,ia,9,cuota_inicial+credito,18.0,3.0,6290000.0,0,1,1
LD-01301,,13,seguimiento,24.0,3.0,11990000.0,0,0,0
LD-01302,ia,15,canal_whatsapp,22.7,3.0,6290000.0,0,0,0
LD-01303,ia,9,credito+contacto_rapido,0.0,3.0,5290000.0,0,0,1
LD-01304,,24,contacto_rapido,0.0,3.0,7490000.0,0,0,0
LD-01305,ia,13,canal_whatsapp,24.0,3.0,11990000.0,0,0,0
LD-01306,ia,13,cuota_inicial+canal_whatsapp,24.0,3.0,15490000.0,0,1,0
LD-01307,ia,18,cuota_inicial+contacto_rapido,2.0,3.0,22900000.0,0,1,0
LD-01308,ia,18,seguimiento,24.0,3.0,8990000.0,0,0,0
LD-01309,,15,canal_whatsapp,18.0,3.0,10490000.0,0,0,0
LD-01310,,15,canal_whatsapp,24.0,3.0,6590000.0,0,0,0
LD-01311,,16,seguimiento,12.0,3.0,6990000.0,0,0,0
LD-01312,ia,11,seguimiento,48.45,3.0,6590000.0,0,0,0
LD-01313,,15,canal_whatsapp,24.0,3.0,4990000.0,0,0,0
LD-01314,ia,13,canal_whatsapp,24.0,3.0,13990000.0,0,0,0
LD-01315,ia,8,credito+contacto_rapido,4.0,3.0,6590000.0,0,0,1
LD-01316,,19,seguimiento,24.0,3.0,5790000.0,0,0,0
LD-01317,,19,contacto_rapido+canal_whatsapp,0.0,3.0,5290000.0,0,0,0
LD-01318,,13,seguimiento,24.0,3.0,10000000.0,0,0,0
LD-01319,,19,contacto_rapido,0.0,3.0,24900000.0,0,0,0
LD-01320,ia,18,contacto_rapido+canal_whatsapp,2.0,4.0,11990000.0,0,0,0
LD-01321,ia,14,canal_whatsapp,24.0,3.0,10490000.0,0,0,0
LD-01322,ia,8,cuota_inicial+canal_whatsapp,72.0,3.0,11290000.0,0,1,0
LD-01323,,0,seguimiento,714.0,3.0,11990000.0,0,0,0
LD-01324,ia,6,credito,24.0,3.0,6990000.0,0,0,1
LD-01325,ia,8,cuota_inicial+credito+contacto_rapido+canal_whatsapp,2.0,3.0,6290000.0,0,1,1
LD-01326,ia,19,contacto_rapido+canal_whatsapp,0.0,4.0,6590000.0,0,0,0
LD-01327,,6,seguimiento,96.0,3.0,6590000.0,0,0,0
LD-01328,,17,contacto_rapido,0.0,3.0,10000000.0,0,0,0
LD-01329,ia,5,canal_whatsapp,96.0,3.0,21900000.0,0,0,0
LD-01330,ia,7,credito,21.816666666666666,3.0,6290000.0,0,0,1
LD-01331,ia,9,credito+contacto_rapido+canal_whatsapp,1.0,3.0,5290000.0,0,0,1
LD-01332,,10,canal_whatsapp,48.0,3.0,10490000.0,0,0,0
LD-01333,,17,seguimiento,24.95,3.0,11490000.0,0,0,0
LD-01334,,17,contacto_rapido,0.0,3.0,10490000.0,0,0,0
LD-01335,,18,contacto_rapido+canal_whatsapp,1.0,3.0,7490000.0,0,0,0
LD-01336,ia,9,canal_whatsapp,48.0,1.0,13990000.0,0,0,0
LD-01337,,16,contacto_rapido+canal_whatsapp,4.0,3.0,15490000.0,0,0,0
LD-01338,,19,contacto_rapido+canal_whatsapp,0.0,3.0,7490000.0,0,0,0
LD-01339,,8,seguimiento,72.0,3.0,5790000.0,0,0,0
LD-01340,,11,seguimiento,24.0,3.0,22900000.0,0,0,0
LD-01341,ia,14,seguimiento,24.0,4.0,8990000.0,0,0,0
LD-01342,ia,7,credito,12.0,3.0,5290000.0,0,0,1
LD-01343,ia,15,cuota_inicial+canal_whatsapp,24.0,3.0,5290000.0,0,1,0
LD-01344,,13,seguimiento,24.0,3.0,11290000.0,0,0,0
LD-01345,ia,8,cuota_inicial+credito,24.0,3.0,9890000.0,0,1,1
LD-01346,,16,seguimiento,12.0,3.0,6990000.0,0,0,0
LD-01347,ia,9,credito+contacto_rapido+canal_whatsapp,0.0,3.0,7490000.0,0,0,1
LD-01348,ia,13,canal_whatsapp,24.0,1.0,11490000.0,0,0,0
LD-01349,ia,18,cuota_inicial+canal_whatsapp,8.35,4.0,6590000.0,0,1,0
LD-01350,ia,0,credito,1470.0,3.0,6290000.0,0,0,1
LD-01351,ia,6,cuota_inicial+credito+canal_whatsapp,24.0,3.0,9890000.0,0,1,1
LD-01352,,16,seguimiento,12.0,3.0,5790000.0,0,0,0
LD-01353,,21,contacto_rapido,4.0,3.0,13990000.0,0,0,0
LD-01354,,17,contacto_rapido,4.0,3.0,7490000.0,0,0,0
LD-01355,ia,13,canal_whatsapp,24.0,1.0,8990000.0,0,0,0
LD-01356,ia,6,cuota_inicial+credito,24.0,3.0,6990000.0,0,1,1
LD-01357,,7,seguimiento,72.0,3.0,14990000.0,0,0,0
LD-01358,,14,canal_whatsapp,24.0,3.0,6990000.0,0,0,0
LD-01359,,12,seguimiento,24.0,3.0,15490000.0,0,0,0
LD-01360,,17,seguimiento,24.0,3.0,11990000.0,0,0,0
LD-01361,,11,seguimiento,24.0,3.0,24900000.0,0,0,0
LD-01362,,14,seguimiento,24.0,3.0,6290000.0,0,0,0
LD-01363,ia,6,canal_whatsapp,74.85,4.0,24900000.0,0,0,0
LD-01364,ia,7,cuota_inicial+credito,9.65,3.0,11490000.0,0,1,1
LD-01365,ia,14,contacto_rapido+canal_whatsapp,4.0,3.0,22900000.0,0,0,0
LD-01366,ia,10,cuota_inicial+canal_whatsapp,48.0,3.0,11290000.0,0,1,0
LD-01367,ia,11,cuota_inicial,24.0,3.0,21900000.0,0,1,0
LD-01368,fallback,0,seguimiento,2874.0,4.0,7190000.0,0,0,0
LD-01369,ia,11,canal_whatsapp,48.0,3.0,7990000.0,0,0,0
LD-01370,,8,seguimiento,72.0,3.0,5790000.0,0,0,0
LD-01371,,13,seguimiento,24.0,3.0,11990000.0,0,0,0
LD-01372,,11,canal_whatsapp,30.0,3.0,22900000.0,0,0,0
LD-01373,,11,seguimiento,24.0,3.0,21900000.0,0,0,0
LD-01374,ia,0,cuota_inicial+credito+canal_whatsapp,3554.0,3.0,6990000.0,0,1,1
LD-01375,,0,canal_whatsapp,2184.0,3.0,5290000.0,0,0,0
LD-01376,ia,22,cuota_inicial+contacto_rapido,4.0,3.0,7490000.0,0,1,0
LD-01377,ia,8,credito+contacto_rapido+canal_whatsapp,6.0,3.0,5790000.0,0,0,1
LD-01378,ia,19,contacto_rapido+canal_whatsapp,1.0,3.0,6890000.0,0,0,0
LD-01379,,14,canal_whatsapp,24.0,3.0,10000000.0,0,0,0
LD-01380,ia,17,pidio_cita+cuota_inicial+contacto_rapido,0.0,4.0,7290000.0,1,1,0
LD-01381,ia,14,canal_whatsapp,24.0,1.0,7290000.0,0,0,0
LD-01382,ia,16,seguimiento,17.35,3.0,4990000.0,0,0,0
LD-01383,,11,seguimiento,24.0,3.0,22900000.0,0,0,0
LD-01384,,11,canal_whatsapp,24.0,3.0,22900000.0,0,0,0
LD-01385,,16,seguimiento,10.433333333333334,3.0,9890000.0,0,0,0
LD-01386,,18,contacto_rapido,0.0,3.0,6890000.0,0,0,0
LD-01387,ia,15,contacto_rapido+canal_whatsapp,1.0,4.0,22900000.0,0,0,0
LD-01388,,15,canal_whatsapp,12.0,3.0,11990000.0,0,0,0
LD-01389,ia,6,credito+canal_whatsapp,12.0,3.0,22900000.0,0,0,1
LD-01390,ia,16,canal_whatsapp,11.8,1.0,4990000.0,0,0,0
LD-01391,,17,contacto_rapido,6.0,3.0,6590000.0,0,0,0
LD-01392,,18,contacto_rapido+canal_whatsapp,0.0,3.0,9890000.0,0,0,0
LD-01393,,14,canal_whatsapp,24.0,3.0,7190000.0,0,0,0
LD-01394,ia,18,contacto_rapido,7.516666666666667,3.0,22900000.0,0,0,0
LD-01395,ia,13,cuota_inicial,24.0,4.0,11990000.0,0,1,0
LD-01396,,0,seguimiento,4368.0,3.0,6290000.0,0,0,0
LD-01397,,14,seguimiento,24.0,3.0,7990000.0,0,0,0
LD-01398,,6,canal_whatsapp,96.0,3.0,9890000.0,0,0,0
LD-01399,ia,10,cuota_inicial+credito+contacto_rapido,2.0,3.0,15490000.0,0,1,1
LD-01400,,14,seguimiento,24.0,3.0,7290000.0,0,0,0
LD-01401,,13,canal_whatsapp,30.0,3.0,7490000.0,0,0,0
LD-01402,ia,18,seguimiento,24.0,3.0,9890000.0,0,0,0
LD-01403,,7,seguimiento,75.35,3.0,13990000.0,0,0,0
LD-01404,,19,contacto_rapido,1.0,3.0,5290000.0,0,0,0
LD-01405,,17,seguimiento,11.683333333333334,3.0,4990000.0,0,0,0
LD-01406,ia,15,cuota_inicial+canal_whatsapp,24.0,4.0,5290000.0,0,1,0
LD-01407,ia,15,canal_whatsapp,24.0,3.0,6290000.0,0,0,0
LD-01408,,7,seguimiento,85.91666666666667,3.0,21900000.0,0,0,0
LD-01409,ia,15,cuota_inicial,18.0,3.0,7190000.0,0,1,0
LD-01410,,13,seguimiento,18.0,3.0,14990000.0,0,0,0
LD-01411,ia,9,canal_whatsapp,48.0,3.0,21900000.0,0,0,0
LD-01412,,17,canal_whatsapp,12.0,3.0,6890000.0,0,0,0
LD-01413,ia,13,canal_whatsapp,24.0,1.0,11990000.0,0,0,0
LD-01414,,17,contacto_rapido+canal_whatsapp,6.0,3.0,7490000.0,0,0,0
LD-01415,,17,contacto_rapido+canal_whatsapp,3.15,3.0,11490000.0,0,0,0
LD-01416,ia,8,credito+contacto_rapido,4.0,4.0,8990000.0,0,0,1
LD-01417,,12,canal_whatsapp,18.0,3.0,21900000.0,0,0,0
LD-01418,,10,seguimiento,72.0,3.0,10000000.0,0,0,0
LD-01419,,14,canal_whatsapp,24.0,3.0,10490000.0,0,0,0
LD-01420,ia,6,cuota_inicial+credito+contacto_rapido+canal_whatsapp,2.0,3.0,24900000.0,0,1,1
LD-01421,ia,7,credito,18.866666666666667,3.0,6290000.0,0,0,1
LD-01422,,15,canal_whatsapp,24.0,3.0,6590000.0,0,0,0
LD-01423,,18,seguimiento,24.0,3.0,7990000.0,0,0,0
LD-01424,ia,5,cuota_inicial+credito,18.0,3.0,21900000.0,0,1,1
LD-01425,,18,contacto_rapido+canal_whatsapp,6.0,3.0,6990000.0,0,0,0
LD-01426,ia,20,seguimiento,17.766666666666666,3.0,7990000.0,0,0,0
LD-01427,ia,19,cuota_inicial+contacto_rapido+canal_whatsapp,0.0,4.0,6290000.0,0,1,0
LD-01428,,16,seguimiento,12.0,3.0,6990000.0,0,0,0
LD-01429,,11,seguimiento,48.0,3.0,6590000.0,0,0,0
LD-01430,,13,seguimiento,30.0,3.0,7490000.0,0,0,0
LD-01431,,13,seguimiento,24.0,3.0,10000000.0,0,0,0
LD-01432,ia,6,cuota_inicial+credito+canal_whatsapp,29.316666666666666,3.0,11990000.0,0,1,1
LD-01433,,14,canal_whatsapp,24.0,3.0,10490000.0,0,0,0
LD-01434,ia,9,credito+contacto_rapido+canal_whatsapp,0.0,3.0,7490000.0,0,0,1
LD-01435,,19,seguimiento,24.0,3.0,5290000.0,0,0,0
LD-01436,ia,17,seguimiento,30.0,3.0,8990000.0,0,0,0
LD-01437,,7,canal_whatsapp,72.0,3.0,21900000.0,0,0,0
LD-01438,ia,22,contacto_rapido,4.0,1.0,5790000.0,0,0,0
LD-01439,ia,14,seguimiento,24.0,4.0,6990000.0,0,0,0
LD-01440,fallback,6,canal_whatsapp,96.0,3.0,5790000.0,0,0,0
LD-01441,,0,canal_whatsapp,1422.0,3.0,6590000.0,0,0,0
LD-01442,,17,contacto_rapido+canal_whatsapp,4.0,3.0,10490000.0,0,0,0
LD-01443,,13,seguimiento,24.0,3.0,10490000.0,0,0,0
LD-01444,ia,19,cuota_inicial+contacto_rapido+canal_whatsapp,0.0,4.0,7990000.0,0,1,0
LD-01445,ia,16,contacto_rapido+canal_whatsapp,0.0,1.0,15490000.0,0,0,0
LD-01446,,18,contacto_rapido,0.0,3.0,9890000.0,0,0,0
LD-01447,,0,canal_whatsapp,3600.0,3.0,6890000.0,0,0,0
LD-01448,,13,canal_whatsapp,24.0,3.0,15490000.0,0,0,0
LD-01449,,19,contacto_rapido+canal_whatsapp,1.0,3.0,5590000.0,0,0,0
LD-01450,ia,7,credito+contacto_rapido+canal_whatsapp,1.0,3.0,14990000.0,0,0,1
LD-01451,,18,seguimiento,25.05,3.0,7990000.0,0,0,0
LD-01452,,18,contacto_rapido+canal_whatsapp,0.0,3.0,8990000.0,0,0,0
LD-01453,ia,14,cuota_inicial,24.0,4.0,6890000.0,0,1,0
LD-01454,ia,15,canal_whatsapp,24.0,3.0,5290000.0,0,0,0
LD-01455,ia,13,seguimiento,24.0,1.0,8990000.0,0,0,0
LD-01456,ia,14,canal_whatsapp,24.0,4.0,8990000.0,0,0,0
LD-01457,ia,16,contacto_rapido+canal_whatsapp,6.0,1.0,10490000.0,0,0,0
LD-01458,,14,canal_whatsapp,24.0,3.0,10490000.0,0,0,0
LD-01459,,18,contacto_rapido+canal_whatsapp,0.0,3.0,7990000.0,0,0,0
LD-01460,ia,6,cuota_inicial+credito+canal_whatsapp,24.0,3.0,7290000.0,0,1,1
LD-01461,ia,12,seguimiento,24.0,1.0,11990000.0,0,0,0
LD-01462,,5,canal_whatsapp,118.25,3.0,9890000.0,0,0,0
LD-01463,,16,contacto_rapido+canal_whatsapp,6.0,3.0,11990000.0,0,0,0
LD-01464,,17,seguimiento,30.0,3.0,7490000.0,0,0,0
LD-01465,,8,canal_whatsapp,72.0,3.0,10000000.0,0,0,0
LD-01466,ia,13,seguimiento,24.0,3.0,11290000.0,0,0,0
LD-01467,,11,canal_whatsapp,24.0,3.0,24900000.0,0,0,0
LD-01468,ia,24,contacto_rapido,4.0,4.0,4990000.0,0,0,0
LD-01469,ia,14,seguimiento,24.0,3.0,7290000.0,0,0,0
LD-01470,,16,contacto_rapido,6.55,3.0,11490000.0,0,0,0
LD-01471,,8,seguimiento,72.0,3.0,5290000.0,0,0,0
LD-01472,,18,contacto_rapido+canal_whatsapp,2.0,3.0,9890000.0,0,0,0
LD-01473,ia,7,credito+contacto_rapido,7.316666666666666,3.0,14990000.0,0,0,1
LD-01474,,14,seguimiento,24.0,3.0,7990000.0,0,0,0
LD-01475,ia,15,cuota_inicial+canal_whatsapp,24.0,4.0,5290000.0,0,1,0
LD-01476,,11,canal_whatsapp,20.766666666666666,3.0,24900000.0,0,0,0
LD-01477,ia,8,cuota_inicial+credito+contacto_rapido+canal_whatsapp,6.0,3.0,6990000.0,0,1,1
LD-01478,,15,canal_whatsapp,24.0,3.0,6290000.0,0,0,0
LD-01479,,14,canal_whatsapp,24.0,3.0,10490000.0,0,0,0
LD-01480,,17,contacto_rapido+canal_whatsapp,0.0,3.0,14990000.0,0,0,0
LD-01481,,14,seguimiento,14.8,3.0,11990000.0,0,0,0
LD-01482,,15,canal_whatsapp,24.0,3.0,6290000.0,0,0,0
LD-01483,,15,canal_whatsapp,24.0,3.0,6290000.0,0,0,0
LD-01484,,17,contacto_rapido,0.0,3.0,11290000.0,0,0,0
LD-01485,ia,16,seguimiento,24.0,1.0,15490000.0,0,0,0
LD-01486,ia,11,canal_whatsapp,24.0,1.0,21900000.0,0,0,0
LD-01487,ia,12,seguimiento,30.0,3.0,11490000.0,0,0,0
LD-01488,ia,14,cuota_inicial,24.0,3.0,7490000.0,0,1,0
LD-01489,ia,19,cuota_inicial+contacto_rapido+canal_whatsapp,0.0,3.0,6290000.0,0,1,0
LD-01490,ia,6,cuota_inicial+credito,24.0,3.0,7990000.0,0,1,1
LD-01491,ia,21,cuota_inicial+contacto_rapido,0.0,3.0,14990000.0,0,1,0
LD-01492,,18,contacto_rapido+canal_whatsapp,6.0,3.0,5290000.0,0,0,0
LD-01493,ia,14,canal_whatsapp,24.0,3.0,11290000.0,0,0,0
LD-01494,ia,8,canal_whatsapp,72.0,1.0,7190000.0,0,0,0
LD-01495,,13,canal_whatsapp,30.0,3.0,9890000.0,0,0,0
LD-01496,,15,canal_whatsapp,24.0,3.0,4990000.0,0,0,0
LD-01497,ia,7,credito+contacto_rapido+canal_whatsapp,2.0,3.0,21900000.0,0,0,1
LD-01498,,11,seguimiento,24.0,3.0,21900000.0,0,0,0
LD-01499,,19,seguimiento,14.65,3.0,11290000.0,0,0,0
LD-01500,,10,canal_whatsapp,29.216666666666665,3.0,24900000.0,0,0,0
LD-01501,,20,seguimiento,24.0,3.0,10000000.0,0,0,0
